source,target,weight
0,1,0.7977
0,2,0.9453
0,3,0.9641
0,4,0.9234
0,5,0.9742
0,6,0.9641
0,7,0.7871
0,8,0.9641
0,9,0.9146
0,10,0.9641
0,11,0.9641
0,12,0.9641
0,13,0.9641
0,14,0.9648
0,15,0.9648
0,16,0.9648
0,17,0.9648
0,18,0.9648
0,19,0.8216
0,20,0.8951
0,21,0.7598
0,22,0.9654
0,23,0.4592
0,24,0.8234
0,26,0.8623
0,27,0.9641
0,28,0.8623
0,29,0.9641
0,30,0.9641
0,31,0.9641
0,32,0.9641
0,33,0.8623
0,34,0.9641
0,36,0.9641
0,37,0.8623
0,38,0.9641
0,39,0.9641
0,40,0.8623
0,41,0.5566
0,42,0.9641
0,43,0.9641
0,44,0.8623
0,45,0.6544
0,46,0.6544
0,47,0.9404
0,48,0.6544
0,49,0.6544
0,50,0.9404
0,51,0.6544
0,52,0.9404
0,53,0.6544
0,54,0.6047
0,55,0.6047
0,56,0.8267
0,58,0.9641
0,59,0.9641
0,60,0.9641
0,61,0.9641
0,62,0.6817
0,63,0.9641
0,64,0.9641
0,65,0.9641
0,66,0.9641
0,67,0.9641
0,68,0.9641
0,69,0.9641
0,70,0.6817
0,71,0.9641
0,72,0.9641
0,73,0.9641
1,2,0.7501
1,3,0.7650
1,4,0.8207
1,5,0.7422
1,6,0.7650
1,7,0.8328
1,8,0.7650
1,9,0.7257
1,10,0.7650
1,11,0.7650
1,12,0.7650
1,13,0.7650
1,14,0.8557
1,15,0.8557
1,16,0.8557
1,17,0.8557
1,18,0.8557
1,19,0.8653
1,20,0.8239
1,21,0.8481
1,22,0.7257
1,23,0.5205
1,24,0.9143
1,25,0.5914
1,26,0.7983
1,27,0.7650
1,28,0.7983
1,29,0.7650
1,30,0.7650
1,31,0.7650
1,32,0.7650
1,33,0.7983
1,34,0.7650
1,35,0.3421
1,36,0.7650
1,37,0.7983
1,38,0.7650
1,39,0.7650
1,40,0.7983
1,41,0.7361
1,42,0.7650
1,43,0.7650
1,44,0.7983
1,45,0.8434
1,46,0.8434
1,47,0.8753
1,48,0.8434
1,49,0.8434
1,50,0.8753
1,51,0.8434
1,52,0.8753
1,53,0.8434
1,54,0.7631
1,55,0.7631
1,56,0.8134
1,57,0.3761
1,58,0.7650
1,59,0.7650
1,60,0.7650
1,61,0.7650
1,62,0.5409
1,63,0.7650
1,64,0.7650
1,65,0.7650
1,66,0.7650
1,67,0.7650
1,68,0.7650
1,69,0.7650
1,70,0.7212
1,71,0.7650
1,72,0.7650
1,73,0.7650
1,74,0.2550
2,3,0.9806
2,4,0.9392
2,5,0.9513
2,6,0.9806
2,7,0.8006
2,8,0.9806
2,9,0.9923
2,10,0.9806
2,11,0.9806
2,12,0.9806
2,13,0.9806
2,14,0.9429
2,15,0.9429
2,16,0.9429
2,17,0.9429
2,18,0.9429
2,19,0.7445
2,20,0.9104
2,21,0.7728
2,22,0.9303
2,23,0.4003
2,24,0.7892
2,26,0.8771
2,27,0.9806
2,28,0.8771
2,29,0.9806
2,30,0.9806
2,31,0.9806
2,32,0.9806
2,33,0.8771
2,34,0.9806
2,36,0.9806
2,37,0.8771
2,38,0.9806
2,39,0.9806
2,40,0.8771
2,41,0.5661
2,42,0.9806
2,43,0.9806
2,44,0.8771
2,45,0.5930
2,46,0.5930
2,47,0.9013
2,48,0.5930
2,49,0.5930
2,50,0.9013
2,51,0.5930
2,52,0.9013
2,53,0.5930
2,54,0.4941
2,55,0.4941
2,56,0.8408
2,58,0.9806
2,59,0.9806
2,60,0.9806
2,61,0.9806
2,62,0.8321
2,63,0.9806
2,64,0.9806
2,65,0.9806
2,66,0.9806
2,67,0.9806
2,68,0.9806
2,69,0.9806
2,70,0.6934
2,71,0.9806
2,72,0.9806
2,73,0.9806
3,4,0.9578
3,5,0.9701
3,6,1.0000
3,7,0.8165
3,8,1.0000
3,9,0.9487
3,10,1.0000
3,11,1.0000
3,12,1.0000
3,13,1.0000
3,14,0.9615
3,15,0.9615
3,16,0.9615
3,17,0.9615
3,18,0.9615
3,19,0.7593
3,20,0.9285
3,21,0.7881
3,22,0.9487
3,23,0.4082
3,24,0.8049
3,26,0.8944
3,27,1.0000
3,28,0.8944
3,29,1.0000
3,30,1.0000
3,31,1.0000
3,32,1.0000
3,33,0.8944
3,34,1.0000
3,36,1.0000
3,37,0.8944
3,38,1.0000
3,39,1.0000
3,40,0.8944
3,41,0.5774
3,42,1.0000
3,43,1.0000
3,44,0.8944
3,45,0.6047
3,46,0.6047
3,47,0.9191
3,48,0.6047
3,49,0.6047
3,50,0.9191
3,51,0.6047
3,52,0.9191
3,53,0.6047
3,54,0.5039
3,55,0.5039
3,56,0.8575
3,58,1.0000
3,59,1.0000
3,60,1.0000
3,61,1.0000
3,62,0.7071
3,63,1.0000
3,64,1.0000
3,65,1.0000
3,66,1.0000
3,67,1.0000
3,68,1.0000
3,69,1.0000
3,70,0.7071
3,71,1.0000
3,72,1.0000
3,73,1.0000
4,5,0.9292
4,6,0.9578
4,7,0.7821
4,8,0.9578
4,9,0.9087
4,10,0.9578
4,11,0.9578
4,12,0.9578
4,13,0.9578
4,14,0.9210
4,15,0.9210
4,16,0.9210
4,17,0.9210
4,18,0.9210
4,19,0.7272
4,20,0.9960
4,21,0.8907
4,22,0.9087
4,23,0.3910
4,24,0.9097
4,26,0.8567
4,27,0.9578
4,28,0.8567
4,29,0.9578
4,30,0.9578
4,31,0.9578
4,32,0.9578
4,33,0.8567
4,34,0.9578
4,36,0.9578
4,37,0.8567
4,38,0.9578
4,39,0.9578
4,40,0.8567
4,41,0.5530
4,42,0.9578
4,43,0.9578
4,44,0.8567
4,45,0.5792
4,46,0.5792
4,47,0.8804
4,48,0.5792
4,49,0.5792
4,50,0.8804
4,51,0.5792
4,52,0.8804
4,53,0.5792
4,54,0.4826
4,55,0.4826
4,56,0.9692
4,58,0.9578
4,59,0.9578
4,60,0.9578
4,61,0.9578
4,62,0.6773
4,63,0.9578
4,64,0.9578
4,65,0.9578
4,66,0.9578
4,67,0.9578
4,68,0.9578
4,69,0.9578
4,70,0.6773
4,71,0.9578
4,72,0.9578
4,73,0.9578
5,6,0.9701
5,7,0.7921
5,8,0.9701
5,9,0.9204
5,10,0.9701
5,11,0.9701
5,12,0.9701
5,13,0.9701
5,14,0.9328
5,15,0.9328
5,16,0.9328
5,17,0.9328
5,18,0.9328
5,19,0.7366
5,20,0.9008
5,21,0.7646
5,22,0.9204
5,23,0.4951
5,24,0.7808
5,26,0.8677
5,27,0.9701
5,28,0.8677
5,29,0.9701
5,30,0.9701
5,31,0.9701
5,32,0.9701
5,33,0.8677
5,34,0.9701
5,36,0.9701
5,37,0.8677
5,38,0.9701
5,39,0.9701
5,40,0.8677
5,41,0.5601
5,42,0.9701
5,43,0.9701
5,44,0.8677
5,45,0.5867
5,46,0.5867
5,47,0.8917
5,48,0.5867
5,49,0.5867
5,50,0.8917
5,51,0.5867
5,52,0.8917
5,53,0.5867
5,54,0.4888
5,55,0.4888
5,56,0.8319
5,58,0.9701
5,59,0.9701
5,60,0.9701
5,61,0.9701
5,62,0.6860
5,63,0.9701
5,64,0.9701
5,65,0.9701
5,66,0.9701
5,67,0.9701
5,68,0.9701
5,69,0.9701
5,70,0.6860
5,71,0.9701
5,72,0.9701
5,73,0.9701
6,7,0.8165
6,8,1.0000
6,9,0.9487
6,10,1.0000
6,11,1.0000
6,12,1.0000
6,13,1.0000
6,14,0.9615
6,15,0.9615
6,16,0.9615
6,17,0.9615
6,18,0.9615
6,19,0.7593
6,20,0.9285
6,21,0.7881
6,22,0.9487
6,23,0.4082
6,24,0.8049
6,26,0.8944
6,27,1.0000
6,28,0.8944
6,29,1.0000
6,30,1.0000
6,31,1.0000
6,32,1.0000
6,33,0.8944
6,34,1.0000
6,36,1.0000
6,37,0.8944
6,38,1.0000
6,39,1.0000
6,40,0.8944
6,41,0.5774
6,42,1.0000
6,43,1.0000
6,44,0.8944
6,45,0.6047
6,46,0.6047
6,47,0.9191
6,48,0.6047
6,49,0.6047
6,50,0.9191
6,51,0.6047
6,52,0.9191
6,53,0.6047
6,54,0.5039
6,55,0.5039
6,56,0.8575
6,58,1.0000
6,59,1.0000
6,60,1.0000
6,61,1.0000
6,62,0.7071
6,63,1.0000
6,64,1.0000
6,65,1.0000
6,66,1.0000
6,67,1.0000
6,68,1.0000
6,69,1.0000
6,70,0.7071
6,71,1.0000
6,72,1.0000
6,73,1.0000
7,8,0.8165
7,9,0.7746
7,10,0.8165
7,11,0.8165
7,12,0.8165
7,13,0.8165
7,14,0.7851
7,15,0.7851
7,16,0.7851
7,17,0.7851
7,18,0.7851
7,19,0.6199
7,20,0.7581
7,21,0.8044
7,22,0.7746
7,23,0.6667
7,24,0.6572
7,26,0.9129
7,27,0.8165
7,28,0.9129
7,29,0.8165
7,30,0.8165
7,31,0.8165
7,32,0.8165
7,33,0.9129
7,34,0.8165
7,35,0.5477
7,36,0.8165
7,37,0.9129
7,38,0.8165
7,39,0.8165
7,40,0.9129
7,41,0.9428
7,42,0.8165
7,43,0.8165
7,44,0.9129
7,45,0.7406
7,46,0.7406
7,47,0.7505
7,48,0.7406
7,49,0.7406
7,50,0.7505
7,51,0.7406
7,52,0.7505
7,53,0.7406
7,54,0.4114
7,55,0.4114
7,56,0.7001
7,57,0.3501
7,58,0.8165
7,59,0.8165
7,60,0.8165
7,61,0.8165
7,62,0.5774
7,63,0.8165
7,64,0.8165
7,65,0.8165
7,66,0.8165
7,67,0.8165
7,68,0.8165
7,69,0.8165
7,70,0.8660
7,71,0.8165
7,72,0.8165
7,73,0.8165
7,74,0.4082
8,9,0.9487
8,10,1.0000
8,11,1.0000
8,12,1.0000
8,13,1.0000
8,14,0.9615
8,15,0.9615
8,16,0.9615
8,17,0.9615
8,18,0.9615
8,19,0.7593
8,20,0.9285
8,21,0.7881
8,22,0.9487
8,23,0.4082
8,24,0.8049
8,26,0.8944
8,27,1.0000
8,28,0.8944
8,29,1.0000
8,30,1.0000
8,31,1.0000
8,32,1.0000
8,33,0.8944
8,34,1.0000
8,36,1.0000
8,37,0.8944
8,38,1.0000
8,39,1.0000
8,40,0.8944
8,41,0.5774
8,42,1.0000
8,43,1.0000
8,44,0.8944
8,45,0.6047
8,46,0.6047
8,47,0.9191
8,48,0.6047
8,49,0.6047
8,50,0.9191
8,51,0.6047
8,52,0.9191
8,53,0.6047
8,54,0.5039
8,55,0.5039
8,56,0.8575
8,58,1.0000
8,59,1.0000
8,60,1.0000
8,61,1.0000
8,62,0.7071
8,63,1.0000
8,64,1.0000
8,65,1.0000
8,66,1.0000
8,67,1.0000
8,68,1.0000
8,69,1.0000
8,70,0.7071
8,71,1.0000
8,72,1.0000
8,73,1.0000
9,10,0.9487
9,11,0.9487
9,12,0.9487
9,13,0.9487
9,14,0.9122
9,15,0.9122
9,16,0.9122
9,17,0.9122
9,18,0.9122
9,19,0.7203
9,20,0.8808
9,21,0.7477
9,22,0.9000
9,23,0.3873
9,24,0.7636
9,26,0.8485
9,27,0.9487
9,28,0.8485
9,29,0.9487
9,30,0.9487
9,31,0.9487
9,32,0.9487
9,33,0.8485
9,34,0.9487
9,36,0.9487
9,37,0.8485
9,38,0.9487
9,39,0.9487
9,40,0.8485
9,41,0.5477
9,42,0.9487
9,43,0.9487
9,44,0.8485
9,45,0.5737
9,46,0.5737
9,47,0.8720
9,48,0.5737
9,49,0.5737
9,50,0.8720
9,51,0.5737
9,52,0.8720
9,53,0.5737
9,54,0.4780
9,55,0.4780
9,56,0.8135
9,58,0.9487
9,59,0.9487
9,60,0.9487
9,61,0.9487
9,62,0.8944
9,63,0.9487
9,64,0.9487
9,65,0.9487
9,66,0.9487
9,67,0.9487
9,68,0.9487
9,69,0.9487
9,70,0.6708
9,71,0.9487
9,72,0.9487
9,73,0.9487
10,11,1.0000
10,12,1.0000
10,13,1.0000
10,14,0.9615
10,15,0.9615
10,16,0.9615
10,17,0.9615
10,18,0.9615
10,19,0.7593
10,20,0.9285
10,21,0.7881
10,22,0.9487
10,23,0.4082
10,24,0.8049
10,26,0.8944
10,27,1.0000
10,28,0.8944
10,29,1.0000
10,30,1.0000
10,31,1.0000
10,32,1.0000
10,33,0.8944
10,34,1.0000
10,36,1.0000
10,37,0.8944
10,38,1.0000
10,39,1.0000
10,40,0.8944
10,41,0.5774
10,42,1.0000
10,43,1.0000
10,44,0.8944
10,45,0.6047
10,46,0.6047
10,47,0.9191
10,48,0.6047
10,49,0.6047
10,50,0.9191
10,51,0.6047
10,52,0.9191
10,53,0.6047
10,54,0.5039
10,55,0.5039
10,56,0.8575
10,58,1.0000
10,59,1.0000
10,60,1.0000
10,61,1.0000
10,62,0.7071
10,63,1.0000
10,64,1.0000
10,65,1.0000
10,66,1.0000
10,67,1.0000
10,68,1.0000
10,69,1.0000
10,70,0.7071
10,71,1.0000
10,72,1.0000
10,73,1.0000
11,12,1.0000
11,13,1.0000
11,14,0.9615
11,15,0.9615
11,16,0.9615
11,17,0.9615
11,18,0.9615
11,19,0.7593
11,20,0.9285
11,21,0.7881
11,22,0.9487
11,23,0.4082
11,24,0.8049
11,26,0.8944
11,27,1.0000
11,28,0.8944
11,29,1.0000
11,30,1.0000
11,31,1.0000
11,32,1.0000
11,33,0.8944
11,34,1.0000
11,36,1.0000
11,37,0.8944
11,38,1.0000
11,39,1.0000
11,40,0.8944
11,41,0.5774
11,42,1.0000
11,43,1.0000
11,44,0.8944
11,45,0.6047
11,46,0.6047
11,47,0.9191
11,48,0.6047
11,49,0.6047
11,50,0.9191
11,51,0.6047
11,52,0.9191
11,53,0.6047
11,54,0.5039
11,55,0.5039
11,56,0.8575
11,58,1.0000
11,59,1.0000
11,60,1.0000
11,61,1.0000
11,62,0.7071
11,63,1.0000
11,64,1.0000
11,65,1.0000
11,66,1.0000
11,67,1.0000
11,68,1.0000
11,69,1.0000
11,70,0.7071
11,71,1.0000
11,72,1.0000
11,73,1.0000
12,13,1.0000
12,14,0.9615
12,15,0.9615
12,16,0.9615
12,17,0.9615
12,18,0.9615
12,19,0.7593
12,20,0.9285
12,21,0.7881
12,22,0.9487
12,23,0.4082
12,24,0.8049
12,26,0.8944
12,27,1.0000
12,28,0.8944
12,29,1.0000
12,30,1.0000
12,31,1.0000
12,32,1.0000
12,33,0.8944
12,34,1.0000
12,36,1.0000
12,37,0.8944
12,38,1.0000
12,39,1.0000
12,40,0.8944
12,41,0.5774
12,42,1.0000
12,43,1.0000
12,44,0.8944
12,45,0.6047
12,46,0.6047
12,47,0.9191
12,48,0.6047
12,49,0.6047
12,50,0.9191
12,51,0.6047
12,52,0.9191
12,53,0.6047
12,54,0.5039
12,55,0.5039
12,56,0.8575
12,58,1.0000
12,59,1.0000
12,60,1.0000
12,61,1.0000
12,62,0.7071
12,63,1.0000
12,64,1.0000
12,65,1.0000
12,66,1.0000
12,67,1.0000
12,68,1.0000
12,69,1.0000
12,70,0.7071
12,71,1.0000
12,72,1.0000
12,73,1.0000
13,14,0.9615
13,15,0.9615
13,16,0.9615
13,17,0.9615
13,18,0.9615
13,19,0.7593
13,20,0.9285
13,21,0.7881
13,22,0.9487
13,23,0.4082
13,24,0.8049
13,26,0.8944
13,27,1.0000
13,28,0.8944
13,29,1.0000
13,30,1.0000
13,31,1.0000
13,32,1.0000
13,33,0.8944
13,34,1.0000
13,36,1.0000
13,37,0.8944
13,38,1.0000
13,39,1.0000
13,40,0.8944
13,41,0.5774
13,42,1.0000
13,43,1.0000
13,44,0.8944
13,45,0.6047
13,46,0.6047
13,47,0.9191
13,48,0.6047
13,49,0.6047
13,50,0.9191
13,51,0.6047
13,52,0.9191
13,53,0.6047
13,54,0.5039
13,55,0.5039
13,56,0.8575
13,58,1.0000
13,59,1.0000
13,60,1.0000
13,61,1.0000
13,62,0.7071
13,63,1.0000
13,64,1.0000
13,65,1.0000
13,66,1.0000
13,67,1.0000
13,68,1.0000
13,69,1.0000
13,70,0.7071
13,71,1.0000
13,72,1.0000
13,73,1.0000
14,15,1.0000
14,16,1.0000
14,17,1.0000
14,18,1.0000
14,19,0.9088
14,20,0.8928
14,21,0.7578
14,22,0.9122
14,23,0.3925
14,24,0.8687
14,26,0.8600
14,27,0.9615
14,28,0.8600
14,29,0.9615
14,30,0.9615
14,31,0.9615
14,32,0.9615
14,33,0.8600
14,34,0.9615
14,36,0.9615
14,37,0.8600
14,38,0.9615
14,39,0.9615
14,40,0.8600
14,41,0.5551
14,42,0.9615
14,43,0.9615
14,44,0.8600
14,45,0.7238
14,46,0.7238
14,47,0.9920
14,48,0.7238
14,49,0.7238
14,50,0.9920
14,51,0.7238
14,52,0.9920
14,53,0.7238
14,54,0.7218
14,55,0.7218
14,56,0.8245
14,58,0.9615
14,59,0.9615
14,60,0.9615
14,61,0.9615
14,62,0.6799
14,63,0.9615
14,64,0.9615
14,65,0.9615
14,66,0.9615
14,67,0.9615
14,68,0.9615
14,69,0.9615
14,70,0.6799
14,71,0.9615
14,72,0.9615
14,73,0.9615
15,16,1.0000
15,17,1.0000
15,18,1.0000
15,19,0.9088
15,20,0.8928
15,21,0.7578
15,22,0.9122
15,23,0.3925
15,24,0.8687
15,26,0.8600
15,27,0.9615
15,28,0.8600
15,29,0.9615
15,30,0.9615
15,31,0.9615
15,32,0.9615
15,33,0.8600
15,34,0.9615
15,36,0.9615
15,37,0.8600
15,38,0.9615
15,39,0.9615
15,40,0.8600
15,41,0.5551
15,42,0.9615
15,43,0.9615
15,44,0.8600
15,45,0.7238
15,46,0.7238
15,47,0.9920
15,48,0.7238
15,49,0.7238
15,50,0.9920
15,51,0.7238
15,52,0.9920
15,53,0.7238
15,54,0.7218
15,55,0.7218
15,56,0.8245
15,58,0.9615
15,59,0.9615
15,60,0.9615
15,61,0.9615
15,62,0.6799
15,63,0.9615
15,64,0.9615
15,65,0.9615
15,66,0.9615
15,67,0.9615
15,68,0.9615
15,69,0.9615
15,70,0.6799
15,71,0.9615
15,72,0.9615
15,73,0.9615
16,17,1.0000
16,18,1.0000
16,19,0.9088
16,20,0.8928
16,21,0.7578
16,22,0.9122
16,23,0.3925
16,24,0.8687
16,26,0.8600
16,27,0.9615
16,28,0.8600
16,29,0.9615
16,30,0.9615
16,31,0.9615
16,32,0.9615
16,33,0.8600
16,34,0.9615
16,36,0.9615
16,37,0.8600
16,38,0.9615
16,39,0.9615
16,40,0.8600
16,41,0.5551
16,42,0.9615
16,43,0.9615
16,44,0.8600
16,45,0.7238
16,46,0.7238
16,47,0.9920
16,48,0.7238
16,49,0.7238
16,50,0.9920
16,51,0.7238
16,52,0.9920
16,53,0.7238
16,54,0.7218
16,55,0.7218
16,56,0.8245
16,58,0.9615
16,59,0.9615
16,60,0.9615
16,61,0.9615
16,62,0.6799
16,63,0.9615
16,64,0.9615
16,65,0.9615
16,66,0.9615
16,67,0.9615
16,68,0.9615
16,69,0.9615
16,70,0.6799
16,71,0.9615
16,72,0.9615
16,73,0.9615
17,18,1.0000
17,19,0.9088
17,20,0.8928
17,21,0.7578
17,22,0.9122
17,23,0.3925
17,24,0.8687
17,26,0.8600
17,27,0.9615
17,28,0.8600
17,29,0.9615
17,30,0.9615
17,31,0.9615
17,32,0.9615
17,33,0.8600
17,34,0.9615
17,36,0.9615
17,37,0.8600
17,38,0.9615
17,39,0.9615
17,40,0.8600
17,41,0.5551
17,42,0.9615
17,43,0.9615
17,44,0.8600
17,45,0.7238
17,46,0.7238
17,47,0.9920
17,48,0.7238
17,49,0.7238
17,50,0.9920
17,51,0.7238
17,52,0.9920
17,53,0.7238
17,54,0.7218
17,55,0.7218
17,56,0.8245
17,58,0.9615
17,59,0.9615
17,60,0.9615
17,61,0.9615
17,62,0.6799
17,63,0.9615
17,64,0.9615
17,65,0.9615
17,66,0.9615
17,67,0.9615
17,68,0.9615
17,69,0.9615
17,70,0.6799
17,71,0.9615
17,72,0.9615
17,73,0.9615
18,19,0.9088
18,20,0.8928
18,21,0.7578
18,22,0.9122
18,23,0.3925
18,24,0.8687
18,26,0.8600
18,27,0.9615
18,28,0.8600
18,29,0.9615
18,30,0.9615
18,31,0.9615
18,32,0.9615
18,33,0.8600
18,34,0.9615
18,36,0.9615
18,37,0.8600
18,38,0.9615
18,39,0.9615
18,40,0.8600
18,41,0.5551
18,42,0.9615
18,43,0.9615
18,44,0.8600
18,45,0.7238
18,46,0.7238
18,47,0.9920
18,48,0.7238
18,49,0.7238
18,50,0.9920
18,51,0.7238
18,52,0.9920
18,53,0.7238
18,54,0.7218
18,55,0.7218
18,56,0.8245
18,58,0.9615
18,59,0.9615
18,60,0.9615
18,61,0.9615
18,62,0.6799
18,63,0.9615
18,64,0.9615
18,65,0.9615
18,66,0.9615
18,67,0.9615
18,68,0.9615
18,69,0.9615
18,70,0.6799
18,71,0.9615
18,72,0.9615
18,73,0.9615
19,20,0.7050
19,21,0.5984
19,22,0.7203
19,23,0.3100
19,24,0.8356
19,25,0.4810
19,26,0.6791
19,27,0.7593
19,28,0.6791
19,29,0.7593
19,30,0.7593
19,31,0.7593
19,32,0.7593
19,33,0.6791
19,34,0.7593
19,36,0.7593
19,37,0.6791
19,38,0.7593
19,39,0.7593
19,40,0.6791
19,41,0.4384
19,42,0.7593
19,43,0.7593
19,44,0.6791
19,45,0.7964
19,46,0.7964
19,47,0.9542
19,48,0.7964
19,49,0.7964
19,50,0.9542
19,51,0.7964
19,52,0.9542
19,53,0.7964
19,54,0.9447
19,55,0.9447
19,56,0.6511
19,58,0.7593
19,59,0.7593
19,60,0.7593
19,61,0.7593
19,62,0.5369
19,63,0.7593
19,64,0.7593
19,65,0.7593
19,66,0.7593
19,67,0.7593
19,68,0.7593
19,69,0.7593
19,70,0.5369
19,71,0.7593
19,72,0.7593
19,73,0.7593
20,21,0.9074
20,22,0.8808
20,23,0.3790
20,24,0.9266
20,26,0.8305
20,27,0.9285
20,28,0.8305
20,29,0.9285
20,30,0.9285
20,31,0.9285
20,32,0.9285
20,33,0.8305
20,34,0.9285
20,36,0.9285
20,37,0.8305
20,38,0.9285
20,39,0.9285
20,40,0.8305
20,41,0.5361
20,42,0.9285
20,43,0.9285
20,44,0.8305
20,45,0.5615
20,46,0.5615
20,47,0.8534
20,48,0.5615
20,49,0.5615
20,50,0.8534
20,51,0.5615
20,52,0.8534
20,53,0.5615
20,54,0.4678
20,55,0.4678
20,56,0.9872
20,58,0.9285
20,59,0.9285
20,60,0.9285
20,61,0.9285
20,62,0.6565
20,63,0.9285
20,64,0.9285
20,65,0.9285
20,66,0.9285
20,67,0.9285
20,68,0.9285
20,69,0.9285
20,70,0.6565
20,71,0.9285
20,72,0.9285
20,73,0.9285
21,22,0.7477
21,23,0.6435
21,24,0.8627
21,26,0.8811
21,27,0.7881
21,28,0.8811
21,29,0.7881
21,30,0.7881
21,31,0.7881
21,32,0.7881
21,33,0.8811
21,34,0.7881
21,35,0.3525
21,36,0.7881
21,37,0.8811
21,38,0.7881
21,39,0.7881
21,40,0.8811
21,41,0.6825
21,42,0.7881
21,43,0.7881
21,44,0.8811
21,45,0.7149
21,46,0.7149
21,47,0.7244
21,48,0.7149
21,49,0.7149
21,50,0.7244
21,51,0.7149
21,52,0.7244
21,53,0.7149
21,54,0.3971
21,55,0.3971
21,56,0.9191
21,58,0.7881
21,59,0.7881
21,60,0.7881
21,61,0.7881
21,62,0.5573
21,63,0.7881
21,64,0.7881
21,65,0.7881
21,66,0.7881
21,67,0.7881
21,68,0.7881
21,69,0.7881
21,70,0.8359
21,71,0.7881
21,72,0.7881
21,73,0.7881
21,74,0.3941
22,23,0.3873
22,24,0.7636
22,26,0.8485
22,27,0.9487
22,28,0.8485
22,29,0.9487
22,30,0.9487
22,31,0.9487
22,32,0.9487
22,33,0.8485
22,34,0.9487
22,36,0.9487
22,37,0.8485
22,38,0.9487
22,39,0.9487
22,40,0.8485
22,41,0.5477
22,42,0.9487
22,43,0.9487
22,44,0.8485
22,45,0.5737
22,46,0.5737
22,47,0.8720
22,48,0.5737
22,49,0.5737
22,50,0.8720
22,51,0.5737
22,52,0.8720
22,53,0.5737
22,54,0.4780
22,55,0.4780
22,56,0.8135
22,58,0.9487
22,59,0.9487
22,60,0.9487
22,61,0.9487
22,62,0.6708
22,63,0.9487
22,64,0.9487
22,65,0.9487
22,66,0.9487
22,67,0.9487
22,68,0.9487
22,69,0.9487
22,70,0.6708
22,71,0.9487
22,72,0.9487
22,73,0.9487
23,24,0.3286
23,26,0.7303
23,27,0.4082
23,28,0.7303
23,29,0.4082
23,30,0.4082
23,31,0.4082
23,32,0.4082
23,33,0.7303
23,34,0.4082
23,35,0.7303
23,36,0.4082
23,37,0.7303
23,38,0.4082
23,39,0.4082
23,40,0.7303
23,41,0.7071
23,42,0.4082
23,43,0.4082
23,44,0.7303
23,45,0.7406
23,46,0.7406
23,47,0.3752
23,48,0.7406
23,49,0.7406
23,50,0.3752
23,51,0.7406
23,52,0.3752
23,53,0.7406
23,56,0.3501
23,58,0.4082
23,59,0.4082
23,60,0.4082
23,61,0.4082
23,62,0.2887
23,63,0.4082
23,64,0.4082
23,65,0.4082
23,66,0.4082
23,67,0.4082
23,68,0.4082
23,69,0.4082
23,70,0.8660
23,71,0.4082
23,72,0.4082
23,73,0.4082
23,74,0.8165
24,25,0.5048
24,26,0.7199
24,27,0.8049
24,28,0.7199
24,29,0.8049
24,30,0.8049
24,31,0.8049
24,32,0.8049
24,33,0.7199
24,34,0.8049
24,36,0.8049
24,37,0.7199
24,38,0.8049
24,39,0.8049
24,40,0.7199
24,41,0.4647
24,42,0.8049
24,43,0.8049
24,44,0.7199
24,45,0.6655
24,46,0.6655
24,47,0.8757
24,48,0.6655
24,49,0.6655
24,50,0.8757
24,51,0.6655
24,52,0.8757
24,53,0.6655
24,54,0.7035
24,55,0.7035
24,56,0.9386
24,58,0.8049
24,59,0.8049
24,60,0.8049
24,61,0.8049
24,62,0.5691
24,63,0.8049
24,64,0.8049
24,65,0.8049
24,66,0.8049
24,67,0.8049
24,68,0.8049
24,69,0.8049
24,70,0.5691
24,71,0.8049
24,72,0.8049
24,73,0.8049
25,45,0.3831
25,46,0.3831
25,47,0.2912
25,48,0.3831
25,49,0.3831
25,50,0.2912
25,51,0.3831
25,52,0.2912
25,53,0.3831
25,54,0.6385
25,55,0.6385
25,56,0.2662
25,57,0.6359
26,27,0.8944
26,28,1.0000
26,29,0.8944
26,30,0.8944
26,31,0.8944
26,32,0.8944
26,33,1.0000
26,34,0.8944
26,35,0.4000
26,36,0.8944
26,37,1.0000
26,38,0.8944
26,39,0.8944
26,40,1.0000
26,41,0.7746
26,42,0.8944
26,43,0.8944
26,44,1.0000
26,45,0.8113
26,46,0.8113
26,47,0.8221
26,48,0.8113
26,49,0.8113
26,50,0.8221
26,51,0.8113
26,52,0.8221
26,53,0.8113
26,54,0.4507
26,55,0.4507
26,56,0.7670
26,58,0.8944
26,59,0.8944
26,60,0.8944
26,61,0.8944
26,62,0.6325
26,63,0.8944
26,64,0.8944
26,65,0.8944
26,66,0.8944
26,67,0.8944
26,68,0.8944
26,69,0.8944
26,70,0.9487
26,71,0.8944
26,72,0.8944
26,73,0.8944
26,74,0.4472
27,28,0.8944
27,29,1.0000
27,30,1.0000
27,31,1.0000
27,32,1.0000
27,33,0.8944
27,34,1.0000
27,36,1.0000
27,37,0.8944
27,38,1.0000
27,39,1.0000
27,40,0.8944
27,41,0.5774
27,42,1.0000
27,43,1.0000
27,44,0.8944
27,45,0.6047
27,46,0.6047
27,47,0.9191
27,48,0.6047
27,49,0.6047
27,50,0.9191
27,51,0.6047
27,52,0.9191
27,53,0.6047
27,54,0.5039
27,55,0.5039
27,56,0.8575
27,58,1.0000
27,59,1.0000
27,60,1.0000
27,61,1.0000
27,62,0.7071
27,63,1.0000
27,64,1.0000
27,65,1.0000
27,66,1.0000
27,67,1.0000
27,68,1.0000
27,69,1.0000
27,70,0.7071
27,71,1.0000
27,72,1.0000
27,73,1.0000
28,29,0.8944
28,30,0.8944
28,31,0.8944
28,32,0.8944
28,33,1.0000
28,34,0.8944
28,35,0.4000
28,36,0.8944
28,37,1.0000
28,38,0.8944
28,39,0.8944
28,40,1.0000
28,41,0.7746
28,42,0.8944
28,43,0.8944
28,44,1.0000
28,45,0.8113
28,46,0.8113
28,47,0.8221
28,48,0.8113
28,49,0.8113
28,50,0.8221
28,51,0.8113
28,52,0.8221
28,53,0.8113
28,54,0.4507
28,55,0.4507
28,56,0.7670
28,58,0.8944
28,59,0.8944
28,60,0.8944
28,61,0.8944
28,62,0.6325
28,63,0.8944
28,64,0.8944
28,65,0.8944
28,66,0.8944
28,67,0.8944
28,68,0.8944
28,69,0.8944
28,70,0.9487
28,71,0.8944
28,72,0.8944
28,73,0.8944
28,74,0.4472
29,30,1.0000
29,31,1.0000
29,32,1.0000
29,33,0.8944
29,34,1.0000
29,36,1.0000
29,37,0.8944
29,38,1.0000
29,39,1.0000
29,40,0.8944
29,41,0.5774
29,42,1.0000
29,43,1.0000
29,44,0.8944
29,45,0.6047
29,46,0.6047
29,47,0.9191
29,48,0.6047
29,49,0.6047
29,50,0.9191
29,51,0.6047
29,52,0.9191
29,53,0.6047
29,54,0.5039
29,55,0.5039
29,56,0.8575
29,58,1.0000
29,59,1.0000
29,60,1.0000
29,61,1.0000
29,62,0.7071
29,63,1.0000
29,64,1.0000
29,65,1.0000
29,66,1.0000
29,67,1.0000
29,68,1.0000
29,69,1.0000
29,70,0.7071
29,71,1.0000
29,72,1.0000
29,73,1.0000
30,31,1.0000
30,32,1.0000
30,33,0.8944
30,34,1.0000
30,36,1.0000
30,37,0.8944
30,38,1.0000
30,39,1.0000
30,40,0.8944
30,41,0.5774
30,42,1.0000
30,43,1.0000
30,44,0.8944
30,45,0.6047
30,46,0.6047
30,47,0.9191
30,48,0.6047
30,49,0.6047
30,50,0.9191
30,51,0.6047
30,52,0.9191
30,53,0.6047
30,54,0.5039
30,55,0.5039
30,56,0.8575
30,58,1.0000
30,59,1.0000
30,60,1.0000
30,61,1.0000
30,62,0.7071
30,63,1.0000
30,64,1.0000
30,65,1.0000
30,66,1.0000
30,67,1.0000
30,68,1.0000
30,69,1.0000
30,70,0.7071
30,71,1.0000
30,72,1.0000
30,73,1.0000
31,32,1.0000
31,33,0.8944
31,34,1.0000
31,36,1.0000
31,37,0.8944
31,38,1.0000
31,39,1.0000
31,40,0.8944
31,41,0.5774
31,42,1.0000
31,43,1.0000
31,44,0.8944
31,45,0.6047
31,46,0.6047
31,47,0.9191
31,48,0.6047
31,49,0.6047
31,50,0.9191
31,51,0.6047
31,52,0.9191
31,53,0.6047
31,54,0.5039
31,55,0.5039
31,56,0.8575
31,58,1.0000
31,59,1.0000
31,60,1.0000
31,61,1.0000
31,62,0.7071
31,63,1.0000
31,64,1.0000
31,65,1.0000
31,66,1.0000
31,67,1.0000
31,68,1.0000
31,69,1.0000
31,70,0.7071
31,71,1.0000
31,72,1.0000
31,73,1.0000
32,33,0.8944
32,34,1.0000
32,36,1.0000
32,37,0.8944
32,38,1.0000
32,39,1.0000
32,40,0.8944
32,41,0.5774
32,42,1.0000
32,43,1.0000
32,44,0.8944
32,45,0.6047
32,46,0.6047
32,47,0.9191
32,48,0.6047
32,49,0.6047
32,50,0.9191
32,51,0.6047
32,52,0.9191
32,53,0.6047
32,54,0.5039
32,55,0.5039
32,56,0.8575
32,58,1.0000
32,59,1.0000
32,60,1.0000
32,61,1.0000
32,62,0.7071
32,63,1.0000
32,64,1.0000
32,65,1.0000
32,66,1.0000
32,67,1.0000
32,68,1.0000
32,69,1.0000
32,70,0.7071
32,71,1.0000
32,72,1.0000
32,73,1.0000
33,34,0.8944
33,35,0.4000
33,36,0.8944
33,37,1.0000
33,38,0.8944
33,39,0.8944
33,40,1.0000
33,41,0.7746
33,42,0.8944
33,43,0.8944
33,44,1.0000
33,45,0.8113
33,46,0.8113
33,47,0.8221
33,48,0.8113
33,49,0.8113
33,50,0.8221
33,51,0.8113
33,52,0.8221
33,53,0.8113
33,54,0.4507
33,55,0.4507
33,56,0.7670
33,58,0.8944
33,59,0.8944
33,60,0.8944
33,61,0.8944
33,62,0.6325
33,63,0.8944
33,64,0.8944
33,65,0.8944
33,66,0.8944
33,67,0.8944
33,68,0.8944
33,69,0.8944
33,70,0.9487
33,71,0.8944
33,72,0.8944
33,73,0.8944
33,74,0.4472
34,36,1.0000
34,37,0.8944
34,38,1.0000
34,39,1.0000
34,40,0.8944
34,41,0.5774
34,42,1.0000
34,43,1.0000
34,44,0.8944
34,45,0.6047
34,46,0.6047
34,47,0.9191
34,48,0.6047
34,49,0.6047
34,50,0.9191
34,51,0.6047
34,52,0.9191
34,53,0.6047
34,54,0.5039
34,55,0.5039
34,56,0.8575
34,58,1.0000
34,59,1.0000
34,60,1.0000
34,61,1.0000
34,62,0.7071
34,63,1.0000
34,64,1.0000
34,65,1.0000
34,66,1.0000
34,67,1.0000
34,68,1.0000
34,69,1.0000
34,70,0.7071
34,71,1.0000
34,72,1.0000
34,73,1.0000
35,37,0.4000
35,40,0.4000
35,41,0.7746
35,44,0.4000
35,45,0.5409
35,46,0.5409
35,48,0.5409
35,49,0.5409
35,51,0.5409
35,53,0.5409
35,57,0.3835
35,70,0.6325
35,74,0.8944
36,37,0.8944
36,38,1.0000
36,39,1.0000
36,40,0.8944
36,41,0.5774
36,42,1.0000
36,43,1.0000
36,44,0.8944
36,45,0.6047
36,46,0.6047
36,47,0.9191
36,48,0.6047
36,49,0.6047
36,50,0.9191
36,51,0.6047
36,52,0.9191
36,53,0.6047
36,54,0.5039
36,55,0.5039
36,56,0.8575
36,58,1.0000
36,59,1.0000
36,60,1.0000
36,61,1.0000
36,62,0.7071
36,63,1.0000
36,64,1.0000
36,65,1.0000
36,66,1.0000
36,67,1.0000
36,68,1.0000
36,69,1.0000
36,70,0.7071
36,71,1.0000
36,72,1.0000
36,73,1.0000
37,38,0.8944
37,39,0.8944
37,40,1.0000
37,41,0.7746
37,42,0.8944
37,43,0.8944
37,44,1.0000
37,45,0.8113
37,46,0.8113
37,47,0.8221
37,48,0.8113
37,49,0.8113
37,50,0.8221
37,51,0.8113
37,52,0.8221
37,53,0.8113
37,54,0.4507
37,55,0.4507
37,56,0.7670
37,58,0.8944
37,59,0.8944
37,60,0.8944
37,61,0.8944
37,62,0.6325
37,63,0.8944
37,64,0.8944
37,65,0.8944
37,66,0.8944
37,67,0.8944
37,68,0.8944
37,69,0.8944
37,70,0.9487
37,71,0.8944
37,72,0.8944
37,73,0.8944
37,74,0.4472
38,39,1.0000
38,40,0.8944
38,41,0.5774
38,42,1.0000
38,43,1.0000
38,44,0.8944
38,45,0.6047
38,46,0.6047
38,47,0.9191
38,48,0.6047
38,49,0.6047
38,50,0.9191
38,51,0.6047
38,52,0.9191
38,53,0.6047
38,54,0.5039
38,55,0.5039
38,56,0.8575
38,58,1.0000
38,59,1.0000
38,60,1.0000
38,61,1.0000
38,62,0.7071
38,63,1.0000
38,64,1.0000
38,65,1.0000
38,66,1.0000
38,67,1.0000
38,68,1.0000
38,69,1.0000
38,70,0.7071
38,71,1.0000
38,72,1.0000
38,73,1.0000
39,40,0.8944
39,41,0.5774
39,42,1.0000
39,43,1.0000
39,44,0.8944
39,45,0.6047
39,46,0.6047
39,47,0.9191
39,48,0.6047
39,49,0.6047
39,50,0.9191
39,51,0.6047
39,52,0.9191
39,53,0.6047
39,54,0.5039
39,55,0.5039
39,56,0.8575
39,58,1.0000
39,59,1.0000
39,60,1.0000
39,61,1.0000
39,62,0.7071
39,63,1.0000
39,64,1.0000
39,65,1.0000
39,66,1.0000
39,67,1.0000
39,68,1.0000
39,69,1.0000
39,70,0.7071
39,71,1.0000
39,72,1.0000
39,73,1.0000
40,41,0.7746
40,42,0.8944
40,43,0.8944
40,44,1.0000
40,45,0.8113
40,46,0.8113
40,47,0.8221
40,48,0.8113
40,49,0.8113
40,50,0.8221
40,51,0.8113
40,52,0.8221
40,53,0.8113
40,54,0.4507
40,55,0.4507
40,56,0.7670
40,58,0.8944
40,59,0.8944
40,60,0.8944
40,61,0.8944
40,62,0.6325
40,63,0.8944
40,64,0.8944
40,65,0.8944
40,66,0.8944
40,67,0.8944
40,68,0.8944
40,69,0.8944
40,70,0.9487
40,71,0.8944
40,72,0.8944
40,73,0.8944
40,74,0.4472
41,42,0.5774
41,43,0.5774
41,44,0.7746
41,45,0.6983
41,46,0.6983
41,47,0.5307
41,48,0.6983
41,49,0.6983
41,50,0.5307
41,51,0.6983
41,52,0.5307
41,53,0.6983
41,54,0.2909
41,55,0.2909
41,56,0.4951
41,57,0.4951
41,58,0.5774
41,59,0.5774
41,60,0.5774
41,61,0.5774
41,62,0.4082
41,63,0.5774
41,64,0.5774
41,65,0.5774
41,66,0.5774
41,67,0.5774
41,68,0.5774
41,69,0.5774
41,70,0.8165
41,71,0.5774
41,72,0.5774
41,73,0.5774
41,74,0.5774
42,43,1.0000
42,44,0.8944
42,45,0.6047
42,46,0.6047
42,47,0.9191
42,48,0.6047
42,49,0.6047
42,50,0.9191
42,51,0.6047
42,52,0.9191
42,53,0.6047
42,54,0.5039
42,55,0.5039
42,56,0.8575
42,58,1.0000
42,59,1.0000
42,60,1.0000
42,61,1.0000
42,62,0.7071
42,63,1.0000
42,64,1.0000
42,65,1.0000
42,66,1.0000
42,67,1.0000
42,68,1.0000
42,69,1.0000
42,70,0.7071
42,71,1.0000
42,72,1.0000
42,73,1.0000
43,44,0.8944
43,45,0.6047
43,46,0.6047
43,47,0.9191
43,48,0.6047
43,49,0.6047
43,50,0.9191
43,51,0.6047
43,52,0.9191
43,53,0.6047
43,54,0.5039
43,55,0.5039
43,56,0.8575
43,58,1.0000
43,59,1.0000
43,60,1.0000
43,61,1.0000
43,62,0.7071
43,63,1.0000
43,64,1.0000
43,65,1.0000
43,66,1.0000
43,67,1.0000
43,68,1.0000
43,69,1.0000
43,70,0.7071
43,71,1.0000
43,72,1.0000
43,73,1.0000
44,45,0.8113
44,46,0.8113
44,47,0.8221
44,48,0.8113
44,49,0.8113
44,50,0.8221
44,51,0.8113
44,52,0.8221
44,53,0.8113
44,54,0.4507
44,55,0.4507
44,56,0.7670
44,58,0.8944
44,59,0.8944
44,60,0.8944
44,61,0.8944
44,62,0.6325
44,63,0.8944
44,64,0.8944
44,65,0.8944
44,66,0.8944
44,67,0.8944
44,68,0.8944
44,69,0.8944
44,70,0.9487
44,71,0.8944
44,72,0.8944
44,73,0.8944
44,74,0.4472
45,46,1.0000
45,47,0.7600
45,48,1.0000
45,49,1.0000
45,50,0.7600
45,51,1.0000
45,52,0.7600
45,53,1.0000
45,54,0.7524
45,55,0.7524
45,56,0.5185
45,58,0.6047
45,59,0.6047
45,60,0.6047
45,61,0.6047
45,62,0.4276
45,63,0.6047
45,64,0.6047
45,65,0.6047
45,66,0.6047
45,67,0.6047
45,68,0.6047
45,69,0.6047
45,70,0.8552
45,71,0.6047
45,72,0.6047
45,73,0.6047
45,74,0.6047
46,47,0.7600
46,48,1.0000
46,49,1.0000
46,50,0.7600
46,51,1.0000
46,52,0.7600
46,53,1.0000
46,54,0.7524
46,55,0.7524
46,56,0.5185
46,58,0.6047
46,59,0.6047
46,60,0.6047
46,61,0.6047
46,62,0.4276
46,63,0.6047
46,64,0.6047
46,65,0.6047
46,66,0.6047
46,67,0.6047
46,68,0.6047
46,69,0.6047
46,70,0.8552
46,71,0.6047
46,72,0.6047
46,73,0.6047
46,74,0.6047
47,48,0.7600
47,49,0.7600
47,50,1.0000
47,51,0.7600
47,52,1.0000
47,53,0.7600
47,54,0.8034
47,55,0.8034
47,56,0.7882
47,58,0.9191
47,59,0.9191
47,60,0.9191
47,61,0.9191
47,62,0.6499
47,63,0.9191
47,64,0.9191
47,65,0.9191
47,66,0.9191
47,67,0.9191
47,68,0.9191
47,69,0.9191
47,70,0.6499
47,71,0.9191
47,72,0.9191
47,73,0.9191
48,49,1.0000
48,50,0.7600
48,51,1.0000
48,52,0.7600
48,53,1.0000
48,54,0.7524
48,55,0.7524
48,56,0.5185
48,58,0.6047
48,59,0.6047
48,60,0.6047
48,61,0.6047
48,62,0.4276
48,63,0.6047
48,64,0.6047
48,65,0.6047
48,66,0.6047
48,67,0.6047
48,68,0.6047
48,69,0.6047
48,70,0.8552
48,71,0.6047
48,72,0.6047
48,73,0.6047
48,74,0.6047
49,50,0.7600
49,51,1.0000
49,52,0.7600
49,53,1.0000
49,54,0.7524
49,55,0.7524
49,56,0.5185
49,58,0.6047
49,59,0.6047
49,60,0.6047
49,61,0.6047
49,62,0.4276
49,63,0.6047
49,64,0.6047
49,65,0.6047
49,66,0.6047
49,67,0.6047
49,68,0.6047
49,69,0.6047
49,70,0.8552
49,71,0.6047
49,72,0.6047
49,73,0.6047
49,74,0.6047
50,51,0.7600
50,52,1.0000
50,53,0.7600
50,54,0.8034
50,55,0.8034
50,56,0.7882
50,58,0.9191
50,59,0.9191
50,60,0.9191
50,61,0.9191
50,62,0.6499
50,63,0.9191
50,64,0.9191
50,65,0.9191
50,66,0.9191
50,67,0.9191
50,68,0.9191
50,69,0.9191
50,70,0.6499
50,71,0.9191
50,72,0.9191
50,73,0.9191
51,52,0.7600
51,53,1.0000
51,54,0.7524
51,55,0.7524
51,56,0.5185
51,58,0.6047
51,59,0.6047
51,60,0.6047
51,61,0.6047
51,62,0.4276
51,63,0.6047
51,64,0.6047
51,65,0.6047
51,66,0.6047
51,67,0.6047
51,68,0.6047
51,69,0.6047
51,70,0.8552
51,71,0.6047
51,72,0.6047
51,73,0.6047
51,74,0.6047
52,53,0.7600
52,54,0.8034
52,55,0.8034
52,56,0.7882
52,58,0.9191
52,59,0.9191
52,60,0.9191
52,61,0.9191
52,62,0.6499
52,63,0.9191
52,64,0.9191
52,65,0.9191
52,66,0.9191
52,67,0.9191
52,68,0.9191
52,69,0.9191
52,70,0.6499
52,71,0.9191
52,72,0.9191
52,73,0.9191
53,54,0.7524
53,55,0.7524
53,56,0.5185
53,58,0.6047
53,59,0.6047
53,60,0.6047
53,61,0.6047
53,62,0.4276
53,63,0.6047
53,64,0.6047
53,65,0.6047
53,66,0.6047
53,67,0.6047
53,68,0.6047
53,69,0.6047
53,70,0.8552
53,71,0.6047
53,72,0.6047
53,73,0.6047
53,74,0.6047
54,55,1.0000
54,56,0.4321
54,58,0.5039
54,59,0.5039
54,60,0.5039
54,61,0.5039
54,62,0.3563
54,63,0.5039
54,64,0.5039
54,65,0.5039
54,66,0.5039
54,67,0.5039
54,68,0.5039
54,69,0.5039
54,70,0.3563
54,71,0.5039
54,72,0.5039
54,73,0.5039
55,56,0.4321
55,58,0.5039
55,59,0.5039
55,60,0.5039
55,61,0.5039
55,62,0.3563
55,63,0.5039
55,64,0.5039
55,65,0.5039
55,66,0.5039
55,67,0.5039
55,68,0.5039
55,69,0.5039
55,70,0.3563
55,71,0.5039
55,72,0.5039
55,73,0.5039
56,57,0.2647
56,58,0.8575
56,59,0.8575
56,60,0.8575
56,61,0.8575
56,62,0.6063
56,63,0.8575
56,64,0.8575
56,65,0.8575
56,66,0.8575
56,67,0.8575
56,68,0.8575
56,69,0.8575
56,70,0.6063
56,71,0.8575
56,72,0.8575
56,73,0.8575
58,59,1.0000
58,60,1.0000
58,61,1.0000
58,62,0.7071
58,63,1.0000
58,64,1.0000
58,65,1.0000
58,66,1.0000
58,67,1.0000
58,68,1.0000
58,69,1.0000
58,70,0.7071
58,71,1.0000
58,72,1.0000
58,73,1.0000
59,60,1.0000
59,61,1.0000
59,62,0.7071
59,63,1.0000
59,64,1.0000
59,65,1.0000
59,66,1.0000
59,67,1.0000
59,68,1.0000
59,69,1.0000
59,70,0.7071
59,71,1.0000
59,72,1.0000
59,73,1.0000
60,61,1.0000
60,62,0.7071
60,63,1.0000
60,64,1.0000
60,65,1.0000
60,66,1.0000
60,67,1.0000
60,68,1.0000
60,69,1.0000
60,70,0.7071
60,71,1.0000
60,72,1.0000
60,73,1.0000
61,62,0.7071
61,63,1.0000
61,64,1.0000
61,65,1.0000
61,66,1.0000
61,67,1.0000
61,68,1.0000
61,69,1.0000
61,70,0.7071
61,71,1.0000
61,72,1.0000
61,73,1.0000
62,63,0.7071
62,64,0.7071
62,65,0.7071
62,66,0.7071
62,67,0.7071
62,68,0.7071
62,69,0.7071
62,70,0.5000
62,71,0.7071
62,72,0.7071
62,73,0.7071
63,64,1.0000
63,65,1.0000
63,66,1.0000
63,67,1.0000
63,68,1.0000
63,69,1.0000
63,70,0.7071
63,71,1.0000
63,72,1.0000
63,73,1.0000
64,65,1.0000
64,66,1.0000
64,67,1.0000
64,68,1.0000
64,69,1.0000
64,70,0.7071
64,71,1.0000
64,72,1.0000
64,73,1.0000
65,66,1.0000
65,67,1.0000
65,68,1.0000
65,69,1.0000
65,70,0.7071
65,71,1.0000
65,72,1.0000
65,73,1.0000
66,67,1.0000
66,68,1.0000
66,69,1.0000
66,70,0.7071
66,71,1.0000
66,72,1.0000
66,73,1.0000
67,68,1.0000
67,69,1.0000
67,70,0.7071
67,71,1.0000
67,72,1.0000
67,73,1.0000
68,69,1.0000
68,70,0.7071
68,71,1.0000
68,72,1.0000
68,73,1.0000
69,70,0.7071
69,71,1.0000
69,72,1.0000
69,73,1.0000
70,71,0.7071
70,72,0.7071
70,73,0.7071
70,74,0.7071
71,72,1.0000
71,73,1.0000
72,73,1.0000
