Source,Target,Weight
0,1,0.8916879639769879
0,2,0.5845022687540788
0,3,0.6440140819709945
0,4,0.6461483612745108
0,5,0.8832115017912048
0,6,0.6029286929849555
0,7,0.5855895563495774
0,8,0.7123341981667246
0,9,0.5681053162559747
0,10,0.5855895563495774
0,11,0.7411043994089416
0,12,0.5855895563495774
0,13,0.6018339509234588
0,14,0.5855895563495774
0,15,0.5855895563495774
0,16,0.5855895563495774
0,17,0.5855895563495774
0,18,0.6320043062350329
0,19,0.6320043062350329
0,20,0.6320043062350329
0,21,0.6320043062350329
0,22,0.6320043062350329
0,23,0.6079398647881012
0,24,0.7394405047551348
0,25,0.8261015094278319
0,26,0.6481288702252632
0,27,0.47813187058641393
0,28,0.8124012813464815
0,29,0.6096964892332666
0,30,0.6547090274557993
0,31,0.5855895563495773
0,32,0.6547090274557993
0,33,0.5855895563495773
0,34,0.5855895563495773
0,35,0.5855895563495773
0,36,0.5855895563495773
0,37,0.6547090274557993
0,38,0.5855895563495773
0,39,0.41901377757171154
0,40,0.5855895563495773
0,41,0.6547090274557993
0,42,0.5855895563495773
0,43,0.5855895563495773
0,44,0.6547090274557993
0,45,0.7099896047854304
0,46,0.5855895563495773
0,47,0.5855895563495773
0,48,0.6547090274557993
0,49,0.6612474002767798
0,50,0.6612474002767798
0,51,0.6371024563316985
0,52,0.6612474002767798
0,53,0.6612474002767798
0,54,0.6371024563316985
0,55,0.6612474002767798
0,56,0.6371024563316985
0,57,0.6612474002767798
0,58,0.5118415688774444
0,59,0.5118415688774444
0,60,0.7732939089890013
0,61,0.5724383482126373
0,62,0.5855895563495774
0,63,0.5855895563495774
0,64,0.5855895563495774
0,65,0.5855895563495774
0,66,0.5175929328585102
0,67,0.5855895563495774
0,68,0.5855895563495774
0,69,0.5855895563495774
0,70,0.5855895563495774
0,71,0.5855895563495774
0,72,0.5855895563495774
0,73,0.5855895563495774
0,74,0.621111519430212
0,75,0.5855895563495774
0,76,0.5855895563495774
0,77,0.5855895563495774
0,78,0.2927947781747887
1,2,0.6300647529128981
1,3,0.8471514892203905
1,4,0.7731231971340378
1,5,0.8294900851699728
1,6,0.6917222574952387
1,7,0.6782894786451299
1,8,0.6964607030329947
1,9,0.690939323166813
1,10,0.6782894786451299
1,11,0.8085787186817777
1,12,0.6782894786451299
1,13,0.6863806929429603
1,14,0.6782894786451299
1,15,0.6782894786451299
1,16,0.6782894786451299
1,17,0.6782894786451299
1,18,0.7160797316464376
1,19,0.7160797316464376
1,20,0.7160797316464376
1,21,0.7160797316464376
1,22,0.7160797316464376
1,23,0.6663414591733258
1,24,0.6902344637718107
1,25,0.665001343724025
1,26,0.7721782795608303
1,27,0.4430568321543987
1,28,0.704762854966271
1,29,0.4667019470608498
1,30,0.6673486083762971
1,31,0.6782894786451299
1,32,0.6673486083762971
1,33,0.6782894786451299
1,34,0.6782894786451299
1,35,0.6782894786451299
1,36,0.6782894786451299
1,37,0.6673486083762971
1,38,0.6782894786451299
1,39,0.33974110971884214
1,40,0.6782894786451299
1,41,0.6673486083762971
1,42,0.6782894786451299
1,43,0.6782894786451299
1,44,0.6673486083762971
1,45,0.7518923771217728
1,46,0.6782894786451299
1,47,0.6782894786451299
1,48,0.6673486083762971
1,49,0.6127392806458245
1,50,0.6127392806458245
1,51,0.7150548542941602
1,52,0.6127392806458245
1,53,0.6127392806458245
1,54,0.7150548542941602
1,55,0.6127392806458245
1,56,0.7150548542941602
1,57,0.6127392806458245
1,58,0.542647720471712
1,59,0.542647720471712
1,60,0.6653829233748254
1,61,0.5025269631082596
1,62,0.6782894786451299
1,63,0.6782894786451299
1,64,0.6782894786451299
1,65,0.6782894786451299
1,66,0.5755477079489512
1,67,0.6782894786451299
1,68,0.6782894786451299
1,69,0.6782894786451299
1,70,0.6782894786451299
1,71,0.6782894786451299
1,72,0.6782894786451299
1,73,0.6782894786451299
1,74,0.575547707948951
1,75,0.6782894786451299
1,76,0.6782894786451299
1,77,0.6782894786451299
2,3,0.5072526280223575
2,4,0.3251191517756156
2,5,0.7087049328300447
2,11,0.499036971010705
2,18,0.43087405728426154
2,19,0.43087405728426154
2,20,0.43087405728426154
2,21,0.43087405728426154
2,22,0.43087405728426154
2,23,0.6769621587511969
2,25,0.26760418920602275
2,27,0.27724276167261386
2,28,0.44991052915619373
2,29,0.8079318771036167
2,30,0.30370422894623866
2,32,0.30370422894623866
2,37,0.30370422894623866
2,39,0.44543286912114993
2,41,0.30370422894623866
2,44,0.30370422894623866
2,45,0.5750513613198672
2,48,0.30370422894623866
2,49,0.6760510840968948
2,50,0.6760510840968948
2,51,0.5137926891121867
2,52,0.6760510840968948
2,53,0.6760510840968948
2,54,0.5137926891121867
2,55,0.6760510840968948
2,56,0.5137926891121867
2,57,0.6760510840968948
2,58,0.7844545622318759
2,59,0.7844545622318759
2,61,0.4658610211333023
2,74,0.32013236616511775
3,4,0.7245680986524075
3,5,0.6335757178360989
3,6,0.6182683090065246
3,7,0.5731931222291423
3,8,0.5490194389790528
3,9,0.6950987608318612
3,10,0.5731931222291423
3,11,0.6084132918647978
3,12,0.5731931222291423
3,13,0.6344085318855829
3,14,0.5731931222291423
3,15,0.5731931222291423
3,16,0.5731931222291423
3,17,0.5731931222291423
3,18,0.6186253112356807
3,19,0.6186253112356807
3,20,0.6186253112356807
3,21,0.6186253112356807
3,22,0.6186253112356807
3,23,0.5950702935990054
3,24,0.5321964533655039
3,25,0.4517394644134678
3,26,0.6344085318855829
3,27,0.4680102245113829
3,28,0.5460786082716816
3,29,0.32986856372030854
3,30,0.5126795142158832
3,31,0.5731931222291423
3,32,0.5126795142158832
3,33,0.5731931222291423
3,34,0.5731931222291423
3,35,0.5731931222291423
3,36,0.5731931222291423
3,37,0.5126795142158832
3,38,0.5731931222291423
3,40,0.5731931222291423
3,41,0.5126795142158832
3,42,0.5731931222291423
3,43,0.5731931222291423
3,44,0.5126795142158832
3,45,0.5294931254666199
3,46,0.5731931222291423
3,47,0.5731931222291423
3,48,0.5126795142158832
3,49,0.4739421497661181
3,50,0.4739421497661181
3,51,0.623615537819838
3,52,0.4739421497661181
3,53,0.4739421497661181
3,54,0.623615537819838
3,55,0.4739421497661181
3,56,0.623615537819838
3,57,0.4739421497661181
3,58,0.5010063170873637
3,59,0.5010063170873637
3,60,0.4915090473785752
3,61,0.2949054284271451
3,62,0.5731931222291423
3,63,0.5731931222291423
3,64,0.5731931222291423
3,65,0.5731931222291423
3,66,0.6079631154865742
3,67,0.5731931222291423
3,68,0.5731931222291423
3,69,0.5731931222291423
3,70,0.5731931222291423
3,71,0.5731931222291423
3,72,0.5731931222291423
3,73,0.5731931222291423
3,74,0.40530874365771613
3,75,0.5731931222291423
3,76,0.5731931222291423
3,77,0.5731931222291423
4,5,0.7977032325101591
4,6,0.9453323427379777
4,7,0.9640536124902661
4,8,0.923395890405583
4,9,0.9742389394744225
4,10,0.9640536124902661
4,11,0.7871464784293253
4,12,0.9640536124902661
4,13,0.9145815605947776
4,14,0.9640536124902661
4,15,0.9640536124902661
4,16,0.9640536124902661
4,17,0.9640536124902661
4,18,0.964795763187161
4,19,0.964795763187161
4,20,0.964795763187161
4,21,0.964795763187161
4,22,0.964795763187161
4,23,0.8215923238255967
4,24,0.8951013079609423
4,25,0.7597806841759762
4,26,0.9653916472944875
4,27,0.459168779083773
4,28,0.8234376680980081
4,30,0.8622757645929903
4,31,0.9640536124902661
4,32,0.8622757645929903
4,33,0.9640536124902661
4,34,0.9640536124902661
4,35,0.9640536124902661
4,36,0.9640536124902661
4,37,0.8622757645929903
4,38,0.9640536124902661
4,40,0.9640536124902661
4,41,0.8622757645929903
4,42,0.9640536124902661
4,43,0.9640536124902661
4,44,0.8622757645929903
4,45,0.5565966126844863
4,46,0.9640536124902661
4,47,0.9640536124902661
4,48,0.8622757645929903
4,49,0.6543550171698483
4,50,0.6543550171698483
4,51,0.9403564184235084
4,52,0.6543550171698483
4,53,0.6543550171698483
4,54,0.9403564184235084
4,55,0.6543550171698483
4,56,0.9403564184235084
4,57,0.6543550171698483
4,58,0.6047199923576713
4,59,0.6047199923576713
4,60,0.8266691527180257
4,62,0.9640536124902661
4,63,0.9640536124902661
4,64,0.9640536124902661
4,65,0.9640536124902661
4,66,0.6816888468192552
4,67,0.9640536124902661
4,68,0.9640536124902661
4,69,0.9640536124902661
4,70,0.9640536124902661
4,71,0.9640536124902661
4,72,0.9640536124902661
4,73,0.9640536124902661
4,74,0.6816888468192552
4,75,0.9640536124902661
4,76,0.9640536124902661
4,77,0.9640536124902661
5,6,0.750142387476901
5,7,0.7649981343435595
5,8,0.8206635597657312
5,9,0.7421572026585753
5,10,0.7649981343435596
5,11,0.8328244814768075
5,12,0.7649981343435596
5,13,0.7257409530915381
5,14,0.7649981343435596
5,15,0.7649981343435596
5,16,0.7649981343435596
5,17,0.7649981343435596
5,18,0.8556561119611713
5,19,0.8556561119611713
5,20,0.8556561119611713
5,21,0.8556561119611713
5,22,0.8556561119611713
5,23,0.8653179908921667
5,24,0.823928206118098
5,25,0.8480835398710506
5,26,0.7257409530915381
5,27,0.5205153009230048
5,28,0.9142800982700512
5,29,0.5913993334558988
5,30,0.798274321157934
5,31,0.7649981343435596
5,32,0.798274321157934
5,33,0.7649981343435596
5,34,0.7649981343435596
5,35,0.7649981343435596
5,36,0.7649981343435596
5,37,0.798274321157934
5,38,0.7649981343435596
5,39,0.3421175662105431
5,40,0.7649981343435596
5,41,0.798274321157934
5,42,0.7649981343435596
5,43,0.7649981343435596
5,44,0.798274321157934
5,45,0.7361197979880262
5,46,0.7649981343435596
5,47,0.7649981343435596
5,48,0.798274321157934
5,49,0.8433803461047478
5,50,0.8433803461047478
5,51,0.8753428208663905
5,52,0.8433803461047478
5,53,0.8433803461047478
5,54,0.8753428208663905
5,55,0.8433803461047478
5,56,0.8753428208663905
5,57,0.8433803461047478
5,58,0.7630542502886345
5,59,0.7630542502886345
5,60,0.8134158055947921
5,61,0.3760954800061942
5,62,0.7649981343435596
5,63,0.7649981343435596
5,64,0.7649981343435596
5,65,0.7649981343435596
5,66,0.5409353683893884
5,67,0.7649981343435596
5,68,0.7649981343435596
5,69,0.7649981343435596
5,70,0.7649981343435596
5,71,0.7649981343435596
5,72,0.7649981343435596
5,73,0.7649981343435596
5,74,0.7212471578525179
5,75,0.7649981343435596
5,76,0.7649981343435596
5,77,0.7649981343435596
5,78,0.25499937811451984
6,7,0.9805806756909202
6,8,0.9392259459566807
6,9,0.9513029883089882
6,10,0.9805806756909202
6,11,0.8006407690254358
6,12,0.9805806756909202
6,13,0.9922778767136676
6,14,0.9805806756909202
6,15,0.9805806756909202
6,16,0.9805806756909202
6,17,0.9805806756909202
6,18,0.9428518022706394
6,19,0.9428518022706394
6,20,0.9428518022706394
6,21,0.9428518022706394
6,22,0.9428518022706394
6,23,0.7445123521701549
6,24,0.910446300911537
6,25,0.7728058346689829
6,26,0.9302605094190634
6,27,0.4003203845127179
6,28,0.7892336801579233
6,30,0.8770580193070294
6,31,0.9805806756909202
6,32,0.8770580193070294
6,33,0.9805806756909202
6,34,0.9805806756909202
6,35,0.9805806756909202
6,36,0.9805806756909202
6,37,0.8770580193070294
6,38,0.9805806756909202
6,40,0.9805806756909202
6,41,0.8770580193070294
6,42,0.9805806756909202
6,43,0.9805806756909202
6,44,0.8770580193070294
6,45,0.5661385170722979
6,46,0.9805806756909202
6,47,0.9805806756909202
6,48,0.8770580193070294
6,49,0.5929648791252351
6,50,0.5929648791252351
6,51,0.9012958545930584
6,52,0.5929648791252351
6,53,0.5929648791252351
6,54,0.9012958545930584
6,55,0.5929648791252351
6,56,0.9012958545930584
6,57,0.5929648791252351
6,58,0.4940861906694853
6,59,0.4940861906694853
6,60,0.8408409924953906
6,62,0.9805806756909202
6,63,0.9805806756909202
6,64,0.9805806756909202
6,65,0.9805806756909202
6,66,0.8320502943378437
6,67,0.9805806756909202
6,68,0.9805806756909202
6,69,0.9805806756909202
6,70,0.9805806756909202
6,71,0.9805806756909202
6,72,0.9805806756909202
6,73,0.9805806756909202
6,74,0.6933752452815364
6,75,0.9805806756909202
6,76,0.9805806756909202
6,77,0.9805806756909202
7,8,0.9578262852211514
7,9,0.9701425001453319
7,10,1.0
7,11,0.8164965809277261
7,12,1.0
7,13,0.9486832980505138
7,14,1.0
7,15,1.0
7,16,1.0
7,17,1.0
7,18,0.961523947640823
7,19,0.961523947640823
7,20,0.961523947640823
7,21,0.961523947640823
7,22,0.961523947640823
7,23,0.7592566023652966
7,24,0.9284766908852592
7,25,0.7881104062391007
7,26,0.9486832980505138
7,27,0.4082482904638631
7,28,0.8048635871819794
7,30,0.8944271909999161
7,31,1.0
7,32,0.8944271909999161
7,33,1.0
7,34,1.0
7,35,1.0
7,36,1.0
7,37,0.8944271909999161
7,38,1.0
7,40,1.0
7,41,0.8944271909999161
7,42,1.0
7,43,1.0
7,44,0.8944271909999161
7,45,0.5773502691896258
7,46,1.0
7,47,1.0
7,48,0.8944271909999161
7,49,0.604707897906952
7,50,0.604707897906952
7,51,0.919145030018058
7,52,0.604707897906952
7,53,0.604707897906952
7,54,0.919145030018058
7,55,0.604707897906952
7,56,0.919145030018058
7,57,0.604707897906952
7,58,0.5038710255240861
7,59,0.5038710255240861
7,60,0.8574929257125443
7,62,1.0
7,63,1.0
7,64,1.0
7,65,1.0
7,66,0.7071067811865476
7,67,1.0
7,68,1.0
7,69,1.0
7,70,1.0
7,71,1.0
7,72,1.0
7,73,1.0
7,74,0.7071067811865476
7,75,1.0
7,76,1.0
7,77,1.0
8,9,0.9292279870493635
8,10,0.9578262852211514
8,11,0.7820618870057751
8,12,0.9578262852211514
8,13,0.9086737992230739
8,14,0.9578262852211514
8,15,0.9578262852211514
8,16,0.9578262852211514
8,17,0.9578262852211514
8,18,0.9209729109199865
8,19,0.9209729109199865
8,20,0.9209729109199865
8,21,0.9209729109199865
8,22,0.9209729109199865
8,23,0.727235930973185
8,24,0.9960377053144616
8,25,0.8907499780475139
8,26,0.9086737992230739
8,27,0.39103094350288753
8,28,0.9096850097879371
8,30,0.8567058737562389
8,31,0.9578262852211513
8,32,0.8567058737562389
8,33,0.9578262852211513
8,34,0.9578262852211513
8,35,0.9578262852211513
8,36,0.9578262852211513
8,37,0.8567058737562389
8,38,0.9578262852211513
8,40,0.9578262852211513
8,41,0.8567058737562389
8,42,0.9578262852211513
8,43,0.9578262852211513
8,44,0.8567058737562389
8,45,0.5530012636093311
8,46,0.9578262852211513
8,47,0.9578262852211513
8,48,0.8567058737562389
8,49,0.5792051194961072
8,50,0.5792051194961072
8,51,0.8803812696816802
8,52,0.5792051194961072
8,53,0.5792051194961072
8,54,0.8803812696816802
8,55,0.5792051194961072
8,56,0.8803812696816802
8,57,0.5792051194961072
8,58,0.4826209126083074
8,59,0.4826209126083074
8,60,0.9691685310936223
8,62,0.9578262852211514
8,63,0.9578262852211514
8,64,0.9578262852211514
8,65,0.9578262852211514
8,66,0.6772854614785964
8,67,0.9578262852211514
8,68,0.9578262852211514
8,69,0.9578262852211514
8,70,0.9578262852211514
8,71,0.9578262852211514
8,72,0.9578262852211514
8,73,0.9578262852211514
8,74,0.6772854614785964
8,75,0.9578262852211514
8,76,0.9578262852211514
8,77,0.9578262852211514
9,10,0.9701425001453319
9,11,0.7921180343813395
9,12,0.9701425001453319
9,13,0.9203579866168444
9,14,0.9701425001453319
9,15,0.9701425001453319
9,16,0.9701425001453319
9,17,0.9701425001453319
9,18,0.9328152465138773
9,19,0.9328152465138773
9,20,0.9328152465138773
9,21,0.9328152465138773
9,22,0.9328152465138773
9,23,0.736587098470519
9,24,0.9007546982220898
9,25,0.7645793998993543
9,26,0.9203579866168444
9,27,0.49507377148833726
9,28,0.7808323727446658
9,30,0.8677218312746248
9,31,0.9701425001453319
9,32,0.8677218312746248
9,33,0.9701425001453319
9,34,0.9701425001453319
9,35,0.9701425001453319
9,36,0.9701425001453319
9,37,0.8677218312746248
9,38,0.9701425001453319
9,40,0.9701425001453319
9,41,0.8677218312746248
9,42,0.9701425001453319
9,43,0.9701425001453319
9,44,0.8677218312746248
9,45,0.5601120336112039
9,46,0.9701425001453319
9,47,0.9701425001453319
9,48,0.8677218312746248
9,49,0.5866528319330786
9,50,0.5866528319330786
9,51,0.8917016574178749
9,52,0.5866528319330786
9,53,0.5866528319330786
9,54,0.8917016574178749
9,55,0.5866528319330786
9,56,0.8917016574178749
9,57,0.5866528319330786
9,58,0.48882669645272925
9,59,0.48882669645272925
9,60,0.831890330807703
9,62,0.9701425001453319
9,63,0.9701425001453319
9,64,0.9701425001453319
9,65,0.9701425001453319
9,66,0.6859943405700354
9,67,0.9701425001453319
9,68,0.9701425001453319
9,69,0.9701425001453319
9,70,0.9701425001453319
9,71,0.9701425001453319
9,72,0.9701425001453319
9,73,0.9701425001453319
9,74,0.6859943405700354
9,75,0.9701425001453319
9,76,0.9701425001453319
9,77,0.9701425001453319
10,11,0.8164965809277261
10,12,1.0
10,13,0.9486832980505138
10,14,1.0
10,15,1.0
10,16,1.0
10,17,1.0
10,18,0.9615239476408232
10,19,0.9615239476408232
10,20,0.9615239476408232
10,21,0.9615239476408232
10,22,0.9615239476408232
10,23,0.7592566023652967
10,24,0.9284766908852592
10,25,0.7881104062391008
10,26,0.9486832980505138
10,27,0.4082482904638631
10,28,0.8048635871819794
10,30,0.894427190999916
10,31,1.0
10,32,0.894427190999916
10,33,1.0
10,34,1.0
10,35,1.0
10,36,1.0
10,37,0.894427190999916
10,38,1.0
10,40,1.0
10,41,0.894427190999916
10,42,1.0
10,43,1.0
10,44,0.894427190999916
10,45,0.5773502691896258
10,46,1.0
10,47,1.0
10,48,0.894427190999916
10,49,0.6047078979069521
10,50,0.6047078979069521
10,51,0.9191450300180579
10,52,0.6047078979069521
10,53,0.6047078979069521
10,54,0.9191450300180579
10,55,0.6047078979069521
10,56,0.9191450300180579
10,57,0.6047078979069521
10,58,0.5038710255240862
10,59,0.5038710255240862
10,60,0.8574929257125442
10,62,1.0
10,63,1.0
10,64,1.0
10,65,1.0
10,66,0.7071067811865476
10,67,1.0
10,68,1.0
10,69,1.0
10,70,1.0
10,71,1.0
10,72,1.0
10,73,1.0
10,74,0.7071067811865476
10,75,1.0
10,76,1.0
10,77,1.0
11,12,0.8164965809277261
11,13,0.7745966692414834
11,14,0.8164965809277261
11,15,0.8164965809277261
11,16,0.8164965809277261
11,17,0.8164965809277261
11,18,0.785081015728862
11,19,0.785081015728862
11,20,0.785081015728862
11,21,0.785081015728862
11,22,0.785081015728862
11,23,0.6199304198780667
11,24,0.7580980435789034
11,25,0.8043618151097337
11,26,0.7745966692414834
11,27,0.6666666666666667
11,28,0.657168367047311
11,30,0.912870929175277
11,31,0.8164965809277261
11,32,0.912870929175277
11,33,0.8164965809277261
11,34,0.8164965809277261
11,35,0.8164965809277261
11,36,0.8164965809277261
11,37,0.912870929175277
11,38,0.8164965809277261
11,39,0.5477225575051662
11,40,0.8164965809277261
11,41,0.912870929175277
11,42,0.8164965809277261
11,43,0.8164965809277261
11,44,0.912870929175277
11,45,0.9428090415820636
11,46,0.8164965809277261
11,47,0.8164965809277261
11,48,0.912870929175277
11,49,0.7406128966515282
11,50,0.7406128966515282
11,51,0.7504787743864565
11,52,0.7406128966515282
11,53,0.7406128966515282
11,54,0.7504787743864565
11,55,0.7406128966515282
11,56,0.7504787743864565
11,57,0.7406128966515282
11,58,0.41140896956896333
11,59,0.41140896956896333
11,60,0.700140042014005
11,61,0.3500700210070025
11,62,0.8164965809277261
11,63,0.8164965809277261
11,64,0.8164965809277261
11,65,0.8164965809277261
11,66,0.5773502691896258
11,67,0.8164965809277261
11,68,0.8164965809277261
11,69,0.8164965809277261
11,70,0.8164965809277261
11,71,0.8164965809277261
11,72,0.8164965809277261
11,73,0.8164965809277261
11,74,0.8660254037844387
11,75,0.8164965809277261
11,76,0.8164965809277261
11,77,0.8164965809277261
11,78,0.4082482904638631
12,13,0.9486832980505138
12,14,1.0
12,15,1.0
12,16,1.0
12,17,1.0
12,18,0.9615239476408232
12,19,0.9615239476408232
12,20,0.9615239476408232
12,21,0.9615239476408232
12,22,0.9615239476408232
12,23,0.7592566023652967
12,24,0.9284766908852592
12,25,0.7881104062391008
12,26,0.9486832980505138
12,27,0.4082482904638631
12,28,0.8048635871819794
12,30,0.894427190999916
12,31,1.0
12,32,0.894427190999916
12,33,1.0
12,34,1.0
12,35,1.0
12,36,1.0
12,37,0.894427190999916
12,38,1.0
12,40,1.0
12,41,0.894427190999916
12,42,1.0
12,43,1.0
12,44,0.894427190999916
12,45,0.5773502691896258
12,46,1.0
12,47,1.0
12,48,0.894427190999916
12,49,0.6047078979069521
12,50,0.6047078979069521
12,51,0.9191450300180579
12,52,0.6047078979069521
12,53,0.6047078979069521
12,54,0.9191450300180579
12,55,0.6047078979069521
12,56,0.9191450300180579
12,57,0.6047078979069521
12,58,0.5038710255240862
12,59,0.5038710255240862
12,60,0.8574929257125442
12,62,1.0
12,63,1.0
12,64,1.0
12,65,1.0
12,66,0.7071067811865476
12,67,1.0
12,68,1.0
12,69,1.0
12,70,1.0
12,71,1.0
12,72,1.0
12,73,1.0
12,74,0.7071067811865476
12,75,1.0
12,76,1.0
12,77,1.0
13,14,0.9486832980505138
13,15,0.9486832980505138
13,16,0.9486832980505138
13,17,0.9486832980505138
13,18,0.9121817098024456
13,19,0.9121817098024456
13,20,0.9121817098024456
13,21,0.9121817098024456
13,22,0.9121817098024456
13,23,0.720294057598537
13,24,0.880830329272055
13,25,0.7476671794188402
13,26,0.8999999999999999
13,27,0.3872983346207417
13,28,0.7635606423685674
13,30,0.848528137423857
13,31,0.9486832980505138
13,32,0.848528137423857
13,33,0.9486832980505138
13,34,0.9486832980505138
13,35,0.9486832980505138
13,36,0.9486832980505138
13,37,0.848528137423857
13,38,0.9486832980505138
13,40,0.9486832980505138
13,41,0.848528137423857
13,42,0.9486832980505138
13,43,0.9486832980505138
13,44,0.848528137423857
13,45,0.5477225575051661
13,46,0.9486832980505138
13,47,0.9486832980505138
13,48,0.848528137423857
13,49,0.5736762829435605
13,50,0.5736762829435605
13,51,0.8719775384642696
13,52,0.5736762829435605
13,53,0.5736762829435605
13,54,0.8719775384642696
13,55,0.5736762829435605
13,56,0.8719775384642696
13,57,0.5736762829435605
13,58,0.47801402628628464
13,59,0.47801402628628464
13,60,0.8134892168199606
13,62,0.9486832980505138
13,63,0.9486832980505138
13,64,0.9486832980505138
13,65,0.9486832980505138
13,66,0.8944271909999157
13,67,0.9486832980505138
13,68,0.9486832980505138
13,69,0.9486832980505138
13,70,0.9486832980505138
13,71,0.9486832980505138
13,72,0.9486832980505138
13,73,0.9486832980505138
13,74,0.6708203932499368
13,75,0.9486832980505138
13,76,0.9486832980505138
13,77,0.9486832980505138
14,15,1.0
14,16,1.0
14,17,1.0
14,18,0.9615239476408232
14,19,0.9615239476408232
14,20,0.9615239476408232
14,21,0.9615239476408232
14,22,0.9615239476408232
14,23,0.7592566023652967
14,24,0.9284766908852592
14,25,0.7881104062391008
14,26,0.9486832980505138
14,27,0.4082482904638631
14,28,0.8048635871819794
14,30,0.894427190999916
14,31,1.0
14,32,0.894427190999916
14,33,1.0
14,34,1.0
14,35,1.0
14,36,1.0
14,37,0.894427190999916
14,38,1.0
14,40,1.0
14,41,0.894427190999916
14,42,1.0
14,43,1.0
14,44,0.894427190999916
14,45,0.5773502691896258
14,46,1.0
14,47,1.0
14,48,0.894427190999916
14,49,0.6047078979069521
14,50,0.6047078979069521
14,51,0.9191450300180579
14,52,0.6047078979069521
14,53,0.6047078979069521
14,54,0.9191450300180579
14,55,0.6047078979069521
14,56,0.9191450300180579
14,57,0.6047078979069521
14,58,0.5038710255240862
14,59,0.5038710255240862
14,60,0.8574929257125442
14,62,1.0
14,63,1.0
14,64,1.0
14,65,1.0
14,66,0.7071067811865476
14,67,1.0
14,68,1.0
14,69,1.0
14,70,1.0
14,71,1.0
14,72,1.0
14,73,1.0
14,74,0.7071067811865476
14,75,1.0
14,76,1.0
14,77,1.0
15,16,1.0
15,17,1.0
15,18,0.9615239476408232
15,19,0.9615239476408232
15,20,0.9615239476408232
15,21,0.9615239476408232
15,22,0.9615239476408232
15,23,0.7592566023652967
15,24,0.9284766908852592
15,25,0.7881104062391008
15,26,0.9486832980505138
15,27,0.4082482904638631
15,28,0.8048635871819794
15,30,0.894427190999916
15,31,1.0
15,32,0.894427190999916
15,33,1.0
15,34,1.0
15,35,1.0
15,36,1.0
15,37,0.894427190999916
15,38,1.0
15,40,1.0
15,41,0.894427190999916
15,42,1.0
15,43,1.0
15,44,0.894427190999916
15,45,0.5773502691896258
15,46,1.0
15,47,1.0
15,48,0.894427190999916
15,49,0.6047078979069521
15,50,0.6047078979069521
15,51,0.9191450300180579
15,52,0.6047078979069521
15,53,0.6047078979069521
15,54,0.9191450300180579
15,55,0.6047078979069521
15,56,0.9191450300180579
15,57,0.6047078979069521
15,58,0.5038710255240862
15,59,0.5038710255240862
15,60,0.8574929257125442
15,62,1.0
15,63,1.0
15,64,1.0
15,65,1.0
15,66,0.7071067811865476
15,67,1.0
15,68,1.0
15,69,1.0
15,70,1.0
15,71,1.0
15,72,1.0
15,73,1.0
15,74,0.7071067811865476
15,75,1.0
15,76,1.0
15,77,1.0
16,17,1.0
16,18,0.9615239476408232
16,19,0.9615239476408232
16,20,0.9615239476408232
16,21,0.9615239476408232
16,22,0.9615239476408232
16,23,0.7592566023652967
16,24,0.9284766908852592
16,25,0.7881104062391008
16,26,0.9486832980505138
16,27,0.4082482904638631
16,28,0.8048635871819794
16,30,0.894427190999916
16,31,1.0
16,32,0.894427190999916
16,33,1.0
16,34,1.0
16,35,1.0
16,36,1.0
16,37,0.894427190999916
16,38,1.0
16,40,1.0
16,41,0.894427190999916
16,42,1.0
16,43,1.0
16,44,0.894427190999916
16,45,0.5773502691896258
16,46,1.0
16,47,1.0
16,48,0.894427190999916
16,49,0.6047078979069521
16,50,0.6047078979069521
16,51,0.9191450300180579
16,52,0.6047078979069521
16,53,0.6047078979069521
16,54,0.9191450300180579
16,55,0.6047078979069521
16,56,0.9191450300180579
16,57,0.6047078979069521
16,58,0.5038710255240862
16,59,0.5038710255240862
16,60,0.8574929257125442
16,62,1.0
16,63,1.0
16,64,1.0
16,65,1.0
16,66,0.7071067811865476
16,67,1.0
16,68,1.0
16,69,1.0
16,70,1.0
16,71,1.0
16,72,1.0
16,73,1.0
16,74,0.7071067811865476
16,75,1.0
16,76,1.0
16,77,1.0
17,18,0.9615239476408232
17,19,0.9615239476408232
17,20,0.9615239476408232
17,21,0.9615239476408232
17,22,0.9615239476408232
17,23,0.7592566023652967
17,24,0.9284766908852592
17,25,0.7881104062391008
17,26,0.9486832980505138
17,27,0.4082482904638631
17,28,0.8048635871819794
17,30,0.894427190999916
17,31,1.0
17,32,0.894427190999916
17,33,1.0
17,34,1.0
17,35,1.0
17,36,1.0
17,37,0.894427190999916
17,38,1.0
17,40,1.0
17,41,0.894427190999916
17,42,1.0
17,43,1.0
17,44,0.894427190999916
17,45,0.5773502691896258
17,46,1.0
17,47,1.0
17,48,0.894427190999916
17,49,0.6047078979069521
17,50,0.6047078979069521
17,51,0.9191450300180579
17,52,0.6047078979069521
17,53,0.6047078979069521
17,54,0.9191450300180579
17,55,0.6047078979069521
17,56,0.9191450300180579
17,57,0.6047078979069521
17,58,0.5038710255240862
17,59,0.5038710255240862
17,60,0.8574929257125442
17,62,1.0
17,63,1.0
17,64,1.0
17,65,1.0
17,66,0.7071067811865476
17,67,1.0
17,68,1.0
17,69,1.0
17,70,1.0
17,71,1.0
17,72,1.0
17,73,1.0
17,74,0.7071067811865476
17,75,1.0
17,76,1.0
17,77,1.0
18,19,1.0
18,20,1.0
18,21,1.0
18,22,1.0
18,23,0.9088295457203461
18,24,0.8927525731124826
18,25,0.7577870289838329
18,26,0.9121817098024456
18,27,0.392540507864431
18,28,0.8686583418627832
18,30,0.8600131635675317
18,31,0.9615239476408232
18,32,0.8600131635675317
18,33,0.9615239476408232
18,34,0.9615239476408232
18,35,0.9615239476408232
18,36,0.9615239476408232
18,37,0.8600131635675317
18,38,0.9615239476408232
18,40,0.9615239476408232
18,41,0.8600131635675317
18,42,0.9615239476408232
18,43,0.9615239476408232
18,44,0.8600131635675317
18,45,0.5551361100027009
18,46,0.9615239476408232
18,47,0.9615239476408232
18,48,0.8600131635675317
18,49,0.7238348701034624
18,50,0.7238348701034624
18,51,0.991997911723619
18,52,0.7238348701034624
18,53,0.7238348701034624
18,54,0.991997911723619
18,55,0.7238348701034624
18,56,0.991997911723619
18,57,0.7238348701034624
18,58,0.7217823714725244
18,59,0.7217823714725244
18,60,0.8244999830052046
18,62,0.9615239476408232
18,63,0.9615239476408232
18,64,0.9615239476408232
18,65,0.9615239476408232
18,66,0.6799001036500849
18,67,0.9615239476408232
18,68,0.9615239476408232
18,69,0.9615239476408232
18,70,0.9615239476408232
18,71,0.9615239476408232
18,72,0.9615239476408232
18,73,0.9615239476408232
18,74,0.6799001036500849
18,75,0.9615239476408232
18,76,0.9615239476408232
18,77,0.9615239476408232
19,20,1.0
19,21,1.0
19,22,1.0
19,23,0.9088295457203461
19,24,0.8927525731124826
19,25,0.7577870289838329
19,26,0.9121817098024456
19,27,0.392540507864431
19,28,0.8686583418627832
19,30,0.8600131635675317
19,31,0.9615239476408232
19,32,0.8600131635675317
19,33,0.9615239476408232
19,34,0.9615239476408232
19,35,0.9615239476408232
19,36,0.9615239476408232
19,37,0.8600131635675317
19,38,0.9615239476408232
19,40,0.9615239476408232
19,41,0.8600131635675317
19,42,0.9615239476408232
19,43,0.9615239476408232
19,44,0.8600131635675317
19,45,0.5551361100027009
19,46,0.9615239476408232
19,47,0.9615239476408232
19,48,0.8600131635675317
19,49,0.7238348701034624
19,50,0.7238348701034624
19,51,0.991997911723619
19,52,0.7238348701034624
19,53,0.7238348701034624
19,54,0.991997911723619
19,55,0.7238348701034624
19,56,0.991997911723619
19,57,0.7238348701034624
19,58,0.7217823714725244
19,59,0.7217823714725244
19,60,0.8244999830052046
19,62,0.9615239476408232
19,63,0.9615239476408232
19,64,0.9615239476408232
19,65,0.9615239476408232
19,66,0.6799001036500849
19,67,0.9615239476408232
19,68,0.9615239476408232
19,69,0.9615239476408232
19,70,0.9615239476408232
19,71,0.9615239476408232
19,72,0.9615239476408232
19,73,0.9615239476408232
19,74,0.6799001036500849
19,75,0.9615239476408232
19,76,0.9615239476408232
19,77,0.9615239476408232
20,21,1.0
20,22,1.0
20,23,0.9088295457203461
20,24,0.8927525731124826
20,25,0.7577870289838329
20,26,0.9121817098024456
20,27,0.392540507864431
20,28,0.8686583418627832
20,30,0.8600131635675317
20,31,0.9615239476408232
20,32,0.8600131635675317
20,33,0.9615239476408232
20,34,0.9615239476408232
20,35,0.9615239476408232
20,36,0.9615239476408232
20,37,0.8600131635675317
20,38,0.9615239476408232
20,40,0.9615239476408232
20,41,0.8600131635675317
20,42,0.9615239476408232
20,43,0.9615239476408232
20,44,0.8600131635675317
20,45,0.5551361100027009
20,46,0.9615239476408232
20,47,0.9615239476408232
20,48,0.8600131635675317
20,49,0.7238348701034624
20,50,0.7238348701034624
20,51,0.991997911723619
20,52,0.7238348701034624
20,53,0.7238348701034624
20,54,0.991997911723619
20,55,0.7238348701034624
20,56,0.991997911723619
20,57,0.7238348701034624
20,58,0.7217823714725244
20,59,0.7217823714725244
20,60,0.8244999830052046
20,62,0.9615239476408232
20,63,0.9615239476408232
20,64,0.9615239476408232
20,65,0.9615239476408232
20,66,0.6799001036500849
20,67,0.9615239476408232
20,68,0.9615239476408232
20,69,0.9615239476408232
20,70,0.9615239476408232
20,71,0.9615239476408232
20,72,0.9615239476408232
20,73,0.9615239476408232
20,74,0.6799001036500849
20,75,0.9615239476408232
20,76,0.9615239476408232
20,77,0.9615239476408232
21,22,1.0
21,23,0.9088295457203461
21,24,0.8927525731124826
21,25,0.7577870289838329
21,26,0.9121817098024456
21,27,0.392540507864431
21,28,0.8686583418627832
21,30,0.8600131635675317
21,31,0.9615239476408232
21,32,0.8600131635675317
21,33,0.9615239476408232
21,34,0.9615239476408232
21,35,0.9615239476408232
21,36,0.9615239476408232
21,37,0.8600131635675317
21,38,0.9615239476408232
21,40,0.9615239476408232
21,41,0.8600131635675317
21,42,0.9615239476408232
21,43,0.9615239476408232
21,44,0.8600131635675317
21,45,0.5551361100027009
21,46,0.9615239476408232
21,47,0.9615239476408232
21,48,0.8600131635675317
21,49,0.7238348701034624
21,50,0.7238348701034624
21,51,0.991997911723619
21,52,0.7238348701034624
21,53,0.7238348701034624
21,54,0.991997911723619
21,55,0.7238348701034624
21,56,0.991997911723619
21,57,0.7238348701034624
21,58,0.7217823714725244
21,59,0.7217823714725244
21,60,0.8244999830052046
21,62,0.9615239476408232
21,63,0.9615239476408232
21,64,0.9615239476408232
21,65,0.9615239476408232
21,66,0.6799001036500849
21,67,0.9615239476408232
21,68,0.9615239476408232
21,69,0.9615239476408232
21,70,0.9615239476408232
21,71,0.9615239476408232
21,72,0.9615239476408232
21,73,0.9615239476408232
21,74,0.6799001036500849
21,75,0.9615239476408232
21,76,0.9615239476408232
21,77,0.9615239476408232
22,23,0.9088295457203461
22,24,0.8927525731124826
22,25,0.7577870289838329
22,26,0.9121817098024456
22,27,0.392540507864431
22,28,0.8686583418627832
22,30,0.8600131635675317
22,31,0.9615239476408232
22,32,0.8600131635675317
22,33,0.9615239476408232
22,34,0.9615239476408232
22,35,0.9615239476408232
22,36,0.9615239476408232
22,37,0.8600131635675317
22,38,0.9615239476408232
22,40,0.9615239476408232
22,41,0.8600131635675317
22,42,0.9615239476408232
22,43,0.9615239476408232
22,44,0.8600131635675317
22,45,0.5551361100027009
22,46,0.9615239476408232
22,47,0.9615239476408232
22,48,0.8600131635675317
22,49,0.7238348701034624
22,50,0.7238348701034624
22,51,0.991997911723619
22,52,0.7238348701034624
22,53,0.7238348701034624
22,54,0.991997911723619
22,55,0.7238348701034624
22,56,0.991997911723619
22,57,0.7238348701034624
22,58,0.7217823714725244
22,59,0.7217823714725244
22,60,0.8244999830052046
22,62,0.9615239476408232
22,63,0.9615239476408232
22,64,0.9615239476408232
22,65,0.9615239476408232
22,66,0.6799001036500849
22,67,0.9615239476408232
22,68,0.9615239476408232
22,69,0.9615239476408232
22,70,0.9615239476408232
22,71,0.9615239476408232
22,72,0.9615239476408232
22,73,0.9615239476408232
22,74,0.6799001036500849
22,75,0.9615239476408232
22,76,0.9615239476408232
22,77,0.9615239476408232
23,24,0.7049520576969156
23,25,0.5983780293298332
23,26,0.720294057598537
23,27,0.30996520993903337
23,28,0.8355829694342735
23,29,0.4810423186178642
23,30,0.6790997501017324
23,31,0.7592566023652966
23,32,0.6790997501017324
23,33,0.7592566023652966
23,34,0.7592566023652966
23,35,0.7592566023652966
23,36,0.7592566023652966
23,37,0.6790997501017324
23,38,0.7592566023652966
23,40,0.7592566023652966
23,41,0.6790997501017324
23,42,0.7592566023652966
23,43,0.7592566023652966
23,44,0.6790997501017324
23,45,0.4383570037596047
23,46,0.7592566023652966
23,47,0.7592566023652966
23,48,0.6790997501017324
23,49,0.7964473354898961
23,50,0.7964473354898961
23,51,0.9542262139256075
23,52,0.7964473354898961
23,53,0.7964473354898961
23,54,0.9542262139256075
23,55,0.7964473354898961
23,56,0.9542262139256075
23,57,0.7964473354898961
23,58,0.9447072601477139
23,59,0.9447072601477139
23,60,0.651057165328784
23,62,0.7592566023652967
23,63,0.7592566023652967
23,64,0.7592566023652967
23,65,0.7592566023652967
23,66,0.5368754921931593
23,67,0.7592566023652967
23,68,0.7592566023652967
23,69,0.7592566023652967
23,70,0.7592566023652967
23,71,0.7592566023652967
23,72,0.7592566023652967
23,73,0.7592566023652967
23,74,0.5368754921931593
23,75,0.7592566023652967
23,76,0.7592566023652967
23,77,0.7592566023652967
24,25,0.9073602561260258
24,26,0.880830329272055
24,27,0.3790490217894517
24,28,0.9266483792505467
24,30,0.8304547985373997
24,31,0.9284766908852592
24,32,0.8304547985373997
24,33,0.9284766908852592
24,34,0.9284766908852592
24,35,0.9284766908852592
24,36,0.9284766908852592
24,37,0.8304547985373997
24,38,0.9284766908852592
24,40,0.9284766908852592
24,41,0.8304547985373997
24,42,0.9284766908852592
24,43,0.9284766908852592
24,44,0.8304547985373997
24,45,0.5360562674188973
24,46,0.9284766908852592
24,47,0.9284766908852592
24,48,0.8304547985373997
24,49,0.561457188000828
24,50,0.561457188000828
24,51,0.8534047359147987
24,52,0.561457188000828
24,53,0.561457188000828
24,54,0.8534047359147987
24,55,0.561457188000828
24,56,0.8534047359147987
24,57,0.561457188000828
24,58,0.4678325024115655
24,59,0.4678325024115655
24,60,0.987241120712647
24,62,0.9284766908852592
24,63,0.9284766908852592
24,64,0.9284766908852592
24,65,0.9284766908852592
24,66,0.6565321642986126
24,67,0.9284766908852592
24,68,0.9284766908852592
24,69,0.9284766908852592
24,70,0.9284766908852592
24,71,0.9284766908852592
24,72,0.9284766908852592
24,73,0.9284766908852592
24,74,0.6565321642986126
24,75,0.9284766908852592
24,76,0.9284766908852592
24,77,0.9284766908852592
25,26,0.7476671794188402
25,27,0.6434894520877871
25,28,0.8626770613790276
25,30,0.8811342210628017
25,31,0.7881104062391007
25,32,0.8811342210628017
25,33,0.7881104062391007
25,34,0.7881104062391007
25,35,0.7881104062391007
25,36,0.7881104062391007
25,37,0.8811342210628017
25,38,0.7881104062391007
25,39,0.35245368842512065
25,40,0.7881104062391007
25,41,0.8811342210628017
25,42,0.7881104062391007
25,43,0.7881104062391007
25,44,0.8811342210628017
25,45,0.6825236327899351
25,46,0.7881104062391007
25,47,0.7881104062391007
25,48,0.8811342210628017
25,49,0.7148648806131609
25,50,0.7148648806131609
25,51,0.7243877630001821
25,52,0.7148648806131609
25,53,0.7148648806131609
25,54,0.7243877630001821
25,55,0.7148648806131609
25,56,0.7243877630001821
25,57,0.7148648806131609
25,58,0.39710599861789986
25,59,0.39710599861789986
25,60,0.9190867733214368
25,62,0.7881104062391008
25,63,0.7881104062391008
25,64,0.7881104062391008
25,65,0.7881104062391008
25,66,0.5572782125753528
25,67,0.7881104062391008
25,68,0.7881104062391008
25,69,0.7881104062391008
25,70,0.7881104062391008
25,71,0.7881104062391008
25,72,0.7881104062391008
25,73,0.7881104062391008
25,74,0.8359173188630292
25,75,0.7881104062391008
25,76,0.7881104062391008
25,77,0.7881104062391008
25,78,0.3940552031195504
26,27,0.3872983346207417
26,28,0.7635606423685674
26,30,0.848528137423857
26,31,0.9486832980505138
26,32,0.848528137423857
26,33,0.9486832980505138
26,34,0.9486832980505138
26,35,0.9486832980505138
26,36,0.9486832980505138
26,37,0.848528137423857
26,38,0.9486832980505138
26,40,0.9486832980505138
26,41,0.848528137423857
26,42,0.9486832980505138
26,43,0.9486832980505138
26,44,0.848528137423857
26,45,0.5477225575051661
26,46,0.9486832980505138
26,47,0.9486832980505138
26,48,0.848528137423857
26,49,0.5736762829435605
26,50,0.5736762829435605
26,51,0.8719775384642696
26,52,0.5736762829435605
26,53,0.5736762829435605
26,54,0.8719775384642696
26,55,0.5736762829435605
26,56,0.8719775384642696
26,57,0.5736762829435605
26,58,0.47801402628628464
26,59,0.47801402628628464
26,60,0.8134892168199606
26,62,0.9486832980505138
26,63,0.9486832980505138
26,64,0.9486832980505138
26,65,0.9486832980505138
26,66,0.6708203932499368
26,67,0.9486832980505138
26,68,0.9486832980505138
26,69,0.9486832980505138
26,70,0.9486832980505138
26,71,0.9486832980505138
26,72,0.9486832980505138
26,73,0.9486832980505138
26,74,0.6708203932499368
26,75,0.9486832980505138
26,76,0.9486832980505138
26,77,0.9486832980505138
27,28,0.3285841835236555
27,30,0.7302967433402217
27,31,0.4082482904638631
27,32,0.7302967433402217
27,33,0.4082482904638631
27,34,0.4082482904638631
27,35,0.4082482904638631
27,36,0.4082482904638631
27,37,0.7302967433402217
27,38,0.4082482904638631
27,39,0.7302967433402215
27,40,0.4082482904638631
27,41,0.7302967433402217
27,42,0.4082482904638631
27,43,0.4082482904638631
27,44,0.7302967433402217
27,45,0.7071067811865477
27,46,0.4082482904638631
27,47,0.4082482904638631
27,48,0.7302967433402217
27,49,0.7406128966515282
27,50,0.7406128966515282
27,51,0.37523938719322825
27,52,0.7406128966515282
27,53,0.7406128966515282
27,54,0.37523938719322825
27,55,0.7406128966515282
27,56,0.37523938719322825
27,57,0.7406128966515282
27,60,0.3500700210070025
27,62,0.4082482904638631
27,63,0.4082482904638631
27,64,0.4082482904638631
27,65,0.4082482904638631
27,66,0.2886751345948129
27,67,0.4082482904638631
27,68,0.4082482904638631
27,69,0.4082482904638631
27,70,0.4082482904638631
27,71,0.4082482904638631
27,72,0.4082482904638631
27,73,0.4082482904638631
27,74,0.8660254037844387
27,75,0.4082482904638631
27,76,0.4082482904638631
27,77,0.4082482904638631
27,78,0.8164965809277261
28,29,0.5048381673514958
28,30,0.7198918774212938
28,31,0.8048635871819794
28,32,0.7198918774212938
28,33,0.8048635871819794
28,34,0.8048635871819794
28,35,0.8048635871819794
28,36,0.8048635871819794
28,37,0.7198918774212938
28,38,0.8048635871819794
28,40,0.8048635871819794
28,41,0.7198918774212938
28,42,0.8048635871819794
28,43,0.8048635871819794
28,44,0.7198918774212938
28,45,0.46468820872044364
28,46,0.8048635871819794
28,47,0.8048635871819794
28,48,0.7198918774212938
28,49,0.6654978295866625
28,50,0.6654978295866625
28,51,0.8756654944499529
28,52,0.6654978295866625
28,53,0.6654978295866625
28,54,0.8756654944499529
28,55,0.6654978295866625
28,56,0.8756654944499529
28,57,0.6654978295866625
28,58,0.703500663098616
28,59,0.703500663098616
28,60,0.9386241717541498
28,62,0.8048635871819794
28,63,0.8048635871819794
28,64,0.8048635871819794
28,65,0.8048635871819794
28,66,0.5691245004265075
28,67,0.8048635871819794
28,68,0.8048635871819794
28,69,0.8048635871819794
28,70,0.8048635871819794
28,71,0.8048635871819794
28,72,0.8048635871819794
28,73,0.8048635871819794
28,74,0.5691245004265075
28,75,0.8048635871819794
28,76,0.8048635871819794
28,77,0.8048635871819794
29,49,0.38312487292107955
29,50,0.38312487292107955
29,51,0.29117142676702407
29,52,0.38312487292107955
29,53,0.38312487292107955
29,54,0.29117142676702407
29,55,0.38312487292107955
29,56,0.29117142676702407
29,57,0.38312487292107955
29,58,0.638475281340658
29,59,0.638475281340658
29,60,0.2662081411081526
29,61,0.635941670425031
30,31,0.894427190999916
30,32,1.0000000000000002
30,33,0.894427190999916
30,34,0.894427190999916
30,35,0.894427190999916
30,36,0.894427190999916
30,37,1.0000000000000002
30,38,0.894427190999916
30,39,0.4
30,40,0.894427190999916
30,41,1.0000000000000002
30,42,0.894427190999916
30,43,0.894427190999916
30,44,1.0000000000000002
30,45,0.7745966692414835
30,46,0.894427190999916
30,47,0.894427190999916
30,48,1.0000000000000002
30,49,0.8113007797505687
30,50,0.8113007797505687
30,51,0.822108307320585
30,52,0.8113007797505687
30,53,0.8113007797505687
30,54,0.822108307320585
30,55,0.8113007797505687
30,56,0.822108307320585
30,57,0.8113007797505687
30,58,0.4506759459857554
30,59,0.4506759459857554
30,60,0.7669649888473705
30,62,0.894427190999916
30,63,0.894427190999916
30,64,0.894427190999916
30,65,0.894427190999916
30,66,0.6324555320336759
30,67,0.894427190999916
30,68,0.894427190999916
30,69,0.894427190999916
30,70,0.894427190999916
30,71,0.894427190999916
30,72,0.894427190999916
30,73,0.894427190999916
30,74,0.9486832980505139
30,75,0.894427190999916
30,76,0.894427190999916
30,77,0.894427190999916
30,78,0.447213595499958
31,32,0.894427190999916
31,33,1.0
31,34,1.0
31,35,1.0
31,36,1.0
31,37,0.894427190999916
31,38,1.0
31,40,1.0
31,41,0.894427190999916
31,42,1.0
31,43,1.0
31,44,0.894427190999916
31,45,0.5773502691896257
31,46,1.0
31,47,1.0
31,48,0.894427190999916
31,49,0.604707897906952
31,50,0.604707897906952
31,51,0.9191450300180579
31,52,0.604707897906952
31,53,0.604707897906952
31,54,0.9191450300180579
31,55,0.604707897906952
31,56,0.9191450300180579
31,57,0.604707897906952
31,58,0.5038710255240861
31,59,0.5038710255240861
31,60,0.8574929257125442
31,62,1.0
31,63,1.0
31,64,1.0
31,65,1.0
31,66,0.7071067811865475
31,67,1.0
31,68,1.0
31,69,1.0
31,70,1.0
31,71,1.0
31,72,1.0
31,73,1.0
31,74,0.7071067811865475
31,75,1.0
31,76,1.0
31,77,1.0
32,33,0.894427190999916
32,34,0.894427190999916
32,35,0.894427190999916
32,36,0.894427190999916
32,37,1.0000000000000002
32,38,0.894427190999916
32,39,0.4
32,40,0.894427190999916
32,41,1.0000000000000002
32,42,0.894427190999916
32,43,0.894427190999916
32,44,1.0000000000000002
32,45,0.7745966692414835
32,46,0.894427190999916
32,47,0.894427190999916
32,48,1.0000000000000002
32,49,0.8113007797505687
32,50,0.8113007797505687
32,51,0.822108307320585
32,52,0.8113007797505687
32,53,0.8113007797505687
32,54,0.822108307320585
32,55,0.8113007797505687
32,56,0.822108307320585
32,57,0.8113007797505687
32,58,0.4506759459857554
32,59,0.4506759459857554
32,60,0.7669649888473705
32,62,0.894427190999916
32,63,0.894427190999916
32,64,0.894427190999916
32,65,0.894427190999916
32,66,0.6324555320336759
32,67,0.894427190999916
32,68,0.894427190999916
32,69,0.894427190999916
32,70,0.894427190999916
32,71,0.894427190999916
32,72,0.894427190999916
32,73,0.894427190999916
32,74,0.9486832980505139
32,75,0.894427190999916
32,76,0.894427190999916
32,77,0.894427190999916
32,78,0.447213595499958
33,34,1.0
33,35,1.0
33,36,1.0
33,37,0.894427190999916
33,38,1.0
33,40,1.0
33,41,0.894427190999916
33,42,1.0
33,43,1.0
33,44,0.894427190999916
33,45,0.5773502691896257
33,46,1.0
33,47,1.0
33,48,0.894427190999916
33,49,0.604707897906952
33,50,0.604707897906952
33,51,0.9191450300180579
33,52,0.604707897906952
33,53,0.604707897906952
33,54,0.9191450300180579
33,55,0.604707897906952
33,56,0.9191450300180579
33,57,0.604707897906952
33,58,0.5038710255240861
33,59,0.5038710255240861
33,60,0.8574929257125442
33,62,1.0
33,63,1.0
33,64,1.0
33,65,1.0
33,66,0.7071067811865475
33,67,1.0
33,68,1.0
33,69,1.0
33,70,1.0
33,71,1.0
33,72,1.0
33,73,1.0
33,74,0.7071067811865475
33,75,1.0
33,76,1.0
33,77,1.0
34,35,1.0
34,36,1.0
34,37,0.894427190999916
34,38,1.0
34,40,1.0
34,41,0.894427190999916
34,42,1.0
34,43,1.0
34,44,0.894427190999916
34,45,0.5773502691896257
34,46,1.0
34,47,1.0
34,48,0.894427190999916
34,49,0.604707897906952
34,50,0.604707897906952
34,51,0.9191450300180579
34,52,0.604707897906952
34,53,0.604707897906952
34,54,0.9191450300180579
34,55,0.604707897906952
34,56,0.9191450300180579
34,57,0.604707897906952
34,58,0.5038710255240861
34,59,0.5038710255240861
34,60,0.8574929257125442
34,62,1.0
34,63,1.0
34,64,1.0
34,65,1.0
34,66,0.7071067811865475
34,67,1.0
34,68,1.0
34,69,1.0
34,70,1.0
34,71,1.0
34,72,1.0
34,73,1.0
34,74,0.7071067811865475
34,75,1.0
34,76,1.0
34,77,1.0
35,36,1.0
35,37,0.894427190999916
35,38,1.0
35,40,1.0
35,41,0.894427190999916
35,42,1.0
35,43,1.0
35,44,0.894427190999916
35,45,0.5773502691896257
35,46,1.0
35,47,1.0
35,48,0.894427190999916
35,49,0.604707897906952
35,50,0.604707897906952
35,51,0.9191450300180579
35,52,0.604707897906952
35,53,0.604707897906952
35,54,0.9191450300180579
35,55,0.604707897906952
35,56,0.9191450300180579
35,57,0.604707897906952
35,58,0.5038710255240861
35,59,0.5038710255240861
35,60,0.8574929257125442
35,62,1.0
35,63,1.0
35,64,1.0
35,65,1.0
35,66,0.7071067811865475
35,67,1.0
35,68,1.0
35,69,1.0
35,70,1.0
35,71,1.0
35,72,1.0
35,73,1.0
35,74,0.7071067811865475
35,75,1.0
35,76,1.0
35,77,1.0
36,37,0.894427190999916
36,38,1.0
36,40,1.0
36,41,0.894427190999916
36,42,1.0
36,43,1.0
36,44,0.894427190999916
36,45,0.5773502691896257
36,46,1.0
36,47,1.0
36,48,0.894427190999916
36,49,0.604707897906952
36,50,0.604707897906952
36,51,0.9191450300180579
36,52,0.604707897906952
36,53,0.604707897906952
36,54,0.9191450300180579
36,55,0.604707897906952
36,56,0.9191450300180579
36,57,0.604707897906952
36,58,0.5038710255240861
36,59,0.5038710255240861
36,60,0.8574929257125442
36,62,1.0
36,63,1.0
36,64,1.0
36,65,1.0
36,66,0.7071067811865475
36,67,1.0
36,68,1.0
36,69,1.0
36,70,1.0
36,71,1.0
36,72,1.0
36,73,1.0
36,74,0.7071067811865475
36,75,1.0
36,76,1.0
36,77,1.0
37,38,0.894427190999916
37,39,0.4
37,40,0.894427190999916
37,41,1.0000000000000002
37,42,0.894427190999916
37,43,0.894427190999916
37,44,1.0000000000000002
37,45,0.7745966692414835
37,46,0.894427190999916
37,47,0.894427190999916
37,48,1.0000000000000002
37,49,0.8113007797505687
37,50,0.8113007797505687
37,51,0.822108307320585
37,52,0.8113007797505687
37,53,0.8113007797505687
37,54,0.822108307320585
37,55,0.8113007797505687
37,56,0.822108307320585
37,57,0.8113007797505687
37,58,0.4506759459857554
37,59,0.4506759459857554
37,60,0.7669649888473705
37,62,0.894427190999916
37,63,0.894427190999916
37,64,0.894427190999916
37,65,0.894427190999916
37,66,0.6324555320336759
37,67,0.894427190999916
37,68,0.894427190999916
37,69,0.894427190999916
37,70,0.894427190999916
37,71,0.894427190999916
37,72,0.894427190999916
37,73,0.894427190999916
37,74,0.9486832980505139
37,75,0.894427190999916
37,76,0.894427190999916
37,77,0.894427190999916
37,78,0.447213595499958
38,40,1.0
38,41,0.894427190999916
38,42,1.0
38,43,1.0
38,44,0.894427190999916
38,45,0.5773502691896257
38,46,1.0
38,47,1.0
38,48,0.894427190999916
38,49,0.604707897906952
38,50,0.604707897906952
38,51,0.9191450300180579
38,52,0.604707897906952
38,53,0.604707897906952
38,54,0.9191450300180579
38,55,0.604707897906952
38,56,0.9191450300180579
38,57,0.604707897906952
38,58,0.5038710255240861
38,59,0.5038710255240861
38,60,0.8574929257125442
38,62,1.0
38,63,1.0
38,64,1.0
38,65,1.0
38,66,0.7071067811865475
38,67,1.0
38,68,1.0
38,69,1.0
38,70,1.0
38,71,1.0
38,72,1.0
38,73,1.0
38,74,0.7071067811865475
38,75,1.0
38,76,1.0
38,77,1.0
39,41,0.4
39,44,0.4
39,45,0.7745966692414834
39,48,0.4
39,49,0.540867186500379
39,50,0.540867186500379
39,52,0.540867186500379
39,53,0.540867186500379
39,55,0.540867186500379
39,57,0.540867186500379
39,61,0.3834824944236852
39,74,0.6324555320336758
39,78,0.8944271909999159
40,41,0.894427190999916
40,42,1.0
40,43,1.0
40,44,0.894427190999916
40,45,0.5773502691896257
40,46,1.0
40,47,1.0
40,48,0.894427190999916
40,49,0.604707897906952
40,50,0.604707897906952
40,51,0.9191450300180579
40,52,0.604707897906952
40,53,0.604707897906952
40,54,0.9191450300180579
40,55,0.604707897906952
40,56,0.9191450300180579
40,57,0.604707897906952
40,58,0.5038710255240861
40,59,0.5038710255240861
40,60,0.8574929257125442
40,62,1.0
40,63,1.0
40,64,1.0
40,65,1.0
40,66,0.7071067811865475
40,67,1.0
40,68,1.0
40,69,1.0
40,70,1.0
40,71,1.0
40,72,1.0
40,73,1.0
40,74,0.7071067811865475
40,75,1.0
40,76,1.0
40,77,1.0
41,42,0.894427190999916
41,43,0.894427190999916
41,44,1.0000000000000002
41,45,0.7745966692414835
41,46,0.894427190999916
41,47,0.894427190999916
41,48,1.0000000000000002
41,49,0.8113007797505687
41,50,0.8113007797505687
41,51,0.822108307320585
41,52,0.8113007797505687
41,53,0.8113007797505687
41,54,0.822108307320585
41,55,0.8113007797505687
41,56,0.822108307320585
41,57,0.8113007797505687
41,58,0.4506759459857554
41,59,0.4506759459857554
41,60,0.7669649888473705
41,62,0.894427190999916
41,63,0.894427190999916
41,64,0.894427190999916
41,65,0.894427190999916
41,66,0.6324555320336759
41,67,0.894427190999916
41,68,0.894427190999916
41,69,0.894427190999916
41,70,0.894427190999916
41,71,0.894427190999916
41,72,0.894427190999916
41,73,0.894427190999916
41,74,0.9486832980505139
41,75,0.894427190999916
41,76,0.894427190999916
41,77,0.894427190999916
41,78,0.447213595499958
42,43,1.0
42,44,0.894427190999916
42,45,0.5773502691896257
42,46,1.0
42,47,1.0
42,48,0.894427190999916
42,49,0.604707897906952
42,50,0.604707897906952
42,51,0.9191450300180579
42,52,0.604707897906952
42,53,0.604707897906952
42,54,0.9191450300180579
42,55,0.604707897906952
42,56,0.9191450300180579
42,57,0.604707897906952
42,58,0.5038710255240861
42,59,0.5038710255240861
42,60,0.8574929257125442
42,62,1.0
42,63,1.0
42,64,1.0
42,65,1.0
42,66,0.7071067811865475
42,67,1.0
42,68,1.0
42,69,1.0
42,70,1.0
42,71,1.0
42,72,1.0
42,73,1.0
42,74,0.7071067811865475
42,75,1.0
42,76,1.0
42,77,1.0
43,44,0.894427190999916
43,45,0.5773502691896257
43,46,1.0
43,47,1.0
43,48,0.894427190999916
43,49,0.604707897906952
43,50,0.604707897906952
43,51,0.9191450300180579
43,52,0.604707897906952
43,53,0.604707897906952
43,54,0.9191450300180579
43,55,0.604707897906952
43,56,0.9191450300180579
43,57,0.604707897906952
43,58,0.5038710255240861
43,59,0.5038710255240861
43,60,0.8574929257125442
43,62,1.0
43,63,1.0
43,64,1.0
43,65,1.0
43,66,0.7071067811865475
43,67,1.0
43,68,1.0
43,69,1.0
43,70,1.0
43,71,1.0
43,72,1.0
43,73,1.0
43,74,0.7071067811865475
43,75,1.0
43,76,1.0
43,77,1.0
44,45,0.7745966692414835
44,46,0.894427190999916
44,47,0.894427190999916
44,48,1.0000000000000002
44,49,0.8113007797505687
44,50,0.8113007797505687
44,51,0.822108307320585
44,52,0.8113007797505687
44,53,0.8113007797505687
44,54,0.822108307320585
44,55,0.8113007797505687
44,56,0.822108307320585
44,57,0.8113007797505687
44,58,0.4506759459857554
44,59,0.4506759459857554
44,60,0.7669649888473705
44,62,0.894427190999916
44,63,0.894427190999916
44,64,0.894427190999916
44,65,0.894427190999916
44,66,0.6324555320336759
44,67,0.894427190999916
44,68,0.894427190999916
44,69,0.894427190999916
44,70,0.894427190999916
44,71,0.894427190999916
44,72,0.894427190999916
44,73,0.894427190999916
44,74,0.9486832980505139
44,75,0.894427190999916
44,76,0.894427190999916
44,77,0.894427190999916
44,78,0.447213595499958
45,46,0.5773502691896257
45,47,0.5773502691896257
45,48,0.7745966692414835
45,49,0.698256535275343
45,50,0.698256535275343
45,51,0.5306686305052324
45,52,0.698256535275343
45,53,0.698256535275343
45,54,0.5306686305052324
45,55,0.698256535275343
45,56,0.5306686305052324
45,57,0.698256535275343
45,58,0.29091007222318394
45,59,0.29091007222318394
45,60,0.49507377148833714
45,61,0.49507377148833714
45,62,0.5773502691896258
45,63,0.5773502691896258
45,64,0.5773502691896258
45,65,0.5773502691896258
45,66,0.408248290463863
45,67,0.5773502691896258
45,68,0.5773502691896258
45,69,0.5773502691896258
45,70,0.5773502691896258
45,71,0.5773502691896258
45,72,0.5773502691896258
45,73,0.5773502691896258
45,74,0.816496580927726
45,75,0.5773502691896258
45,76,0.5773502691896258
45,77,0.5773502691896258
45,78,0.5773502691896258
46,47,1.0
46,48,0.894427190999916
46,49,0.604707897906952
46,50,0.604707897906952
46,51,0.9191450300180579
46,52,0.604707897906952
46,53,0.604707897906952
46,54,0.9191450300180579
46,55,0.604707897906952
46,56,0.9191450300180579
46,57,0.604707897906952
46,58,0.5038710255240861
46,59,0.5038710255240861
46,60,0.8574929257125442
46,62,1.0
46,63,1.0
46,64,1.0
46,65,1.0
46,66,0.7071067811865475
46,67,1.0
46,68,1.0
46,69,1.0
46,70,1.0
46,71,1.0
46,72,1.0
46,73,1.0
46,74,0.7071067811865475
46,75,1.0
46,76,1.0
46,77,1.0
47,48,0.894427190999916
47,49,0.604707897906952
47,50,0.604707897906952
47,51,0.9191450300180579
47,52,0.604707897906952
47,53,0.604707897906952
47,54,0.9191450300180579
47,55,0.604707897906952
47,56,0.9191450300180579
47,57,0.604707897906952
47,58,0.5038710255240861
47,59,0.5038710255240861
47,60,0.8574929257125442
47,62,1.0
47,63,1.0
47,64,1.0
47,65,1.0
47,66,0.7071067811865475
47,67,1.0
47,68,1.0
47,69,1.0
47,70,1.0
47,71,1.0
47,72,1.0
47,73,1.0
47,74,0.7071067811865475
47,75,1.0
47,76,1.0
47,77,1.0
48,49,0.8113007797505687
48,50,0.8113007797505687
48,51,0.822108307320585
48,52,0.8113007797505687
48,53,0.8113007797505687
48,54,0.822108307320585
48,55,0.8113007797505687
48,56,0.822108307320585
48,57,0.8113007797505687
48,58,0.4506759459857554
48,59,0.4506759459857554
48,60,0.7669649888473705
48,62,0.894427190999916
48,63,0.894427190999916
48,64,0.894427190999916
48,65,0.894427190999916
48,66,0.6324555320336759
48,67,0.894427190999916
48,68,0.894427190999916
48,69,0.894427190999916
48,70,0.894427190999916
48,71,0.894427190999916
48,72,0.894427190999916
48,73,0.894427190999916
48,74,0.9486832980505139
48,75,0.894427190999916
48,76,0.894427190999916
48,77,0.894427190999916
48,78,0.447213595499958
49,50,1.0
49,51,0.7599909255356617
49,52,1.0
49,53,1.0
49,54,0.7599909255356617
49,55,1.0
49,56,0.7599909255356617
49,57,1.0
49,58,0.7524095801626068
49,59,0.7524095801626068
49,60,0.5185327445777148
49,62,0.6047078979069521
49,63,0.6047078979069521
49,64,0.6047078979069521
49,65,0.6047078979069521
49,66,0.42759305524706825
49,67,0.6047078979069521
49,68,0.6047078979069521
49,69,0.6047078979069521
49,70,0.6047078979069521
49,71,0.6047078979069521
49,72,0.6047078979069521
49,73,0.6047078979069521
49,74,0.8551861104941365
49,75,0.6047078979069521
49,76,0.6047078979069521
49,77,0.6047078979069521
49,78,0.6047078979069521
50,51,0.7599909255356617
50,52,1.0
50,53,1.0
50,54,0.7599909255356617
50,55,1.0
50,56,0.7599909255356617
50,57,1.0
50,58,0.7524095801626068
50,59,0.7524095801626068
50,60,0.5185327445777148
50,62,0.6047078979069521
50,63,0.6047078979069521
50,64,0.6047078979069521
50,65,0.6047078979069521
50,66,0.42759305524706825
50,67,0.6047078979069521
50,68,0.6047078979069521
50,69,0.6047078979069521
50,70,0.6047078979069521
50,71,0.6047078979069521
50,72,0.6047078979069521
50,73,0.6047078979069521
50,74,0.8551861104941365
50,75,0.6047078979069521
50,76,0.6047078979069521
50,77,0.6047078979069521
50,78,0.6047078979069521
51,52,0.7599909255356617
51,53,0.7599909255356617
51,54,1.0000000000000002
51,55,0.7599909255356617
51,56,1.0000000000000002
51,57,0.7599909255356617
51,58,0.8033897276499611
51,59,0.8033897276499611
51,60,0.7881603609443288
51,62,0.9191450300180579
51,63,0.9191450300180579
51,64,0.9191450300180579
51,65,0.9191450300180579
51,66,0.6499336836196816
51,67,0.9191450300180579
51,68,0.9191450300180579
51,69,0.9191450300180579
51,70,0.9191450300180579
51,71,0.9191450300180579
51,72,0.9191450300180579
51,73,0.9191450300180579
51,74,0.6499336836196816
51,75,0.9191450300180579
51,76,0.9191450300180579
51,77,0.9191450300180579
52,53,1.0
52,54,0.7599909255356617
52,55,1.0
52,56,0.7599909255356617
52,57,1.0
52,58,0.7524095801626068
52,59,0.7524095801626068
52,60,0.5185327445777148
52,62,0.6047078979069521
52,63,0.6047078979069521
52,64,0.6047078979069521
52,65,0.6047078979069521
52,66,0.42759305524706825
52,67,0.6047078979069521
52,68,0.6047078979069521
52,69,0.6047078979069521
52,70,0.6047078979069521
52,71,0.6047078979069521
52,72,0.6047078979069521
52,73,0.6047078979069521
52,74,0.8551861104941365
52,75,0.6047078979069521
52,76,0.6047078979069521
52,77,0.6047078979069521
52,78,0.6047078979069521
53,54,0.7599909255356617
53,55,1.0
53,56,0.7599909255356617
53,57,1.0
53,58,0.7524095801626068
53,59,0.7524095801626068
53,60,0.5185327445777148
53,62,0.6047078979069521
53,63,0.6047078979069521
53,64,0.6047078979069521
53,65,0.6047078979069521
53,66,0.42759305524706825
53,67,0.6047078979069521
53,68,0.6047078979069521
53,69,0.6047078979069521
53,70,0.6047078979069521
53,71,0.6047078979069521
53,72,0.6047078979069521
53,73,0.6047078979069521
53,74,0.8551861104941365
53,75,0.6047078979069521
53,76,0.6047078979069521
53,77,0.6047078979069521
53,78,0.6047078979069521
54,55,0.7599909255356617
54,56,1.0000000000000002
54,57,0.7599909255356617
54,58,0.8033897276499611
54,59,0.8033897276499611
54,60,0.7881603609443288
54,62,0.9191450300180579
54,63,0.9191450300180579
54,64,0.9191450300180579
54,65,0.9191450300180579
54,66,0.6499336836196816
54,67,0.9191450300180579
54,68,0.9191450300180579
54,69,0.9191450300180579
54,70,0.9191450300180579
54,71,0.9191450300180579
54,72,0.9191450300180579
54,73,0.9191450300180579
54,74,0.6499336836196816
54,75,0.9191450300180579
54,76,0.9191450300180579
54,77,0.9191450300180579
55,56,0.7599909255356617
55,57,1.0
55,58,0.7524095801626068
55,59,0.7524095801626068
55,60,0.5185327445777148
55,62,0.6047078979069521
55,63,0.6047078979069521
55,64,0.6047078979069521
55,65,0.6047078979069521
55,66,0.42759305524706825
55,67,0.6047078979069521
55,68,0.6047078979069521
55,69,0.6047078979069521
55,70,0.6047078979069521
55,71,0.6047078979069521
55,72,0.6047078979069521
55,73,0.6047078979069521
55,74,0.8551861104941365
55,75,0.6047078979069521
55,76,0.6047078979069521
55,77,0.6047078979069521
55,78,0.6047078979069521
56,57,0.7599909255356617
56,58,0.8033897276499611
56,59,0.8033897276499611
56,60,0.7881603609443288
56,62,0.9191450300180579
56,63,0.9191450300180579
56,64,0.9191450300180579
56,65,0.9191450300180579
56,66,0.6499336836196816
56,67,0.9191450300180579
56,68,0.9191450300180579
56,69,0.9191450300180579
56,70,0.9191450300180579
56,71,0.9191450300180579
56,72,0.9191450300180579
56,73,0.9191450300180579
56,74,0.6499336836196816
56,75,0.9191450300180579
56,76,0.9191450300180579
56,77,0.9191450300180579
57,58,0.7524095801626068
57,59,0.7524095801626068
57,60,0.5185327445777148
57,62,0.6047078979069521
57,63,0.6047078979069521
57,64,0.6047078979069521
57,65,0.6047078979069521
57,66,0.42759305524706825
57,67,0.6047078979069521
57,68,0.6047078979069521
57,69,0.6047078979069521
57,70,0.6047078979069521
57,71,0.6047078979069521
57,72,0.6047078979069521
57,73,0.6047078979069521
57,74,0.8551861104941365
57,75,0.6047078979069521
57,76,0.6047078979069521
57,77,0.6047078979069521
57,78,0.6047078979069521
58,59,1.0
58,60,0.4320658398584287
58,62,0.5038710255240862
58,63,0.5038710255240862
58,64,0.5038710255240862
58,65,0.5038710255240862
58,66,0.3562906189915013
58,67,0.5038710255240862
58,68,0.5038710255240862
58,69,0.5038710255240862
58,70,0.5038710255240862
58,71,0.5038710255240862
58,72,0.5038710255240862
58,73,0.5038710255240862
58,74,0.3562906189915013
58,75,0.5038710255240862
58,76,0.5038710255240862
58,77,0.5038710255240862
59,60,0.4320658398584287
59,62,0.5038710255240862
59,63,0.5038710255240862
59,64,0.5038710255240862
59,65,0.5038710255240862
59,66,0.3562906189915013
59,67,0.5038710255240862
59,68,0.5038710255240862
59,69,0.5038710255240862
59,70,0.5038710255240862
59,71,0.5038710255240862
59,72,0.5038710255240862
59,73,0.5038710255240862
59,74,0.3562906189915013
59,75,0.5038710255240862
59,76,0.5038710255240862
59,77,0.5038710255240862
60,61,0.2647058823529413
60,62,0.8574929257125442
60,63,0.8574929257125442
60,64,0.8574929257125442
60,65,0.8574929257125442
60,66,0.6063390625908325
60,67,0.8574929257125442
60,68,0.8574929257125442
60,69,0.8574929257125442
60,70,0.8574929257125442
60,71,0.8574929257125442
60,72,0.8574929257125442
60,73,0.8574929257125442
60,74,0.6063390625908325
60,75,0.8574929257125442
60,76,0.8574929257125442
60,77,0.8574929257125442
62,63,1.0
62,64,1.0
62,65,1.0
62,66,0.7071067811865476
62,67,1.0
62,68,1.0
62,69,1.0
62,70,1.0
62,71,1.0
62,72,1.0
62,73,1.0
62,74,0.7071067811865476
62,75,1.0
62,76,1.0
62,77,1.0
63,64,1.0
63,65,1.0
63,66,0.7071067811865476
63,67,1.0
63,68,1.0
63,69,1.0
63,70,1.0
63,71,1.0
63,72,1.0
63,73,1.0
63,74,0.7071067811865476
63,75,1.0
63,76,1.0
63,77,1.0
64,65,1.0
64,66,0.7071067811865476
64,67,1.0
64,68,1.0
64,69,1.0
64,70,1.0
64,71,1.0
64,72,1.0
64,73,1.0
64,74,0.7071067811865476
64,75,1.0
64,76,1.0
64,77,1.0
65,66,0.7071067811865476
65,67,1.0
65,68,1.0
65,69,1.0
65,70,1.0
65,71,1.0
65,72,1.0
65,73,1.0
65,74,0.7071067811865476
65,75,1.0
65,76,1.0
65,77,1.0
66,67,0.7071067811865476
66,68,0.7071067811865476
66,69,0.7071067811865476
66,70,0.7071067811865476
66,71,0.7071067811865476
66,72,0.7071067811865476
66,73,0.7071067811865476
66,74,0.5
66,75,0.7071067811865476
66,76,0.7071067811865476
66,77,0.7071067811865476
67,68,1.0
67,69,1.0
67,70,1.0
67,71,1.0
67,72,1.0
67,73,1.0
67,74,0.7071067811865476
67,75,1.0
67,76,1.0
67,77,1.0
68,69,1.0
68,70,1.0
68,71,1.0
68,72,1.0
68,73,1.0
68,74,0.7071067811865476
68,75,1.0
68,76,1.0
68,77,1.0
69,70,1.0
69,71,1.0
69,72,1.0
69,73,1.0
69,74,0.7071067811865476
69,75,1.0
69,76,1.0
69,77,1.0
70,71,1.0
70,72,1.0
70,73,1.0
70,74,0.7071067811865476
70,75,1.0
70,76,1.0
70,77,1.0
71,72,1.0
71,73,1.0
71,74,0.7071067811865476
71,75,1.0
71,76,1.0
71,77,1.0
72,73,1.0
72,74,0.7071067811865476
72,75,1.0
72,76,1.0
72,77,1.0
73,74,0.7071067811865476
73,75,1.0
73,76,1.0
73,77,1.0
74,75,0.7071067811865476
74,76,0.7071067811865476
74,77,0.7071067811865476
74,78,0.7071067811865476
75,76,1.0
75,77,1.0
76,77,1.0
