source,title,doi,url,pdf_url,local_pdf,year,venue,query
arxiv,"Gradient flow-based modularity maximization for community detection in
  multiplex networks",,http://arxiv.org/abs/2408.15003v2,http://arxiv.org/pdf/2408.15003v2,/home/admin/dev/VRA/Novelty/papers/Gradient_flow-based_modularity_maximization_for_community_detection_in_multiplex_networks.pdf,,,multiplicative order detection spectrum modular exponentiation
arxiv,The modular multiplication operator and the quantized bakers maps,,http://arxiv.org/abs/0707.2155v1,http://arxiv.org/pdf/0707.2155v1,/home/admin/dev/VRA/Novelty/papers/The_modular_multiplication_operator_and_the_quantized_bakers_maps.pdf,,,multiplicative order detection spectrum modular exponentiation
arxiv,"On multiplicities in length spectra of semi-arithmetic hyperbolic
  surfaces",,http://arxiv.org/abs/2507.00211v1,http://arxiv.org/pdf/2507.00211v1,/home/admin/dev/VRA/Novelty/papers/On_multiplicities_in_length_spectra_of_semi-arithmetic_hyperbolic_surfaces.pdf,,,multiplicative order detection spectrum modular exponentiation
arxiv,"Modular Matrices as Topological Order Parameter by Gauge Symmetry
  Preserved Tensor Renormalization Approach",,http://arxiv.org/abs/1401.5557v3,http://arxiv.org/pdf/1401.5557v3,/home/admin/dev/VRA/Novelty/papers/Modular_Matrices_as_Topological_Order_Parameter_by_Gauge_Symmetry_Preserved_Tensor_Renormalization_Approach.pdf,,,multiplicative order detection spectrum modular exponentiation
arxiv,Meter-scale spark X-ray spectrumstatistics,,http://arxiv.org/abs/1605.05570v1,http://arxiv.org/pdf/1605.05570v1,/home/admin/dev/VRA/Novelty/papers/Meter-scale_spark_X-ray_spectrumstatistics.pdf,,,multiplicative order detection spectrum modular exponentiation
arxiv,"Algorithmic infeasibility of community detection in higher-order
  networks",,http://arxiv.org/abs/1710.08816v1,http://arxiv.org/pdf/1710.08816v1,/home/admin/dev/VRA/Novelty/papers/Algorithmic_infeasibility_of_community_detection_in_higher-order_networks.pdf,,,multiplicative order detection spectrum modular exponentiation
arxiv,"Truncated multiplication and batch software SIMD AVX512 implementation
  for faster Montgomery multiplications and modular exponentiation",,http://arxiv.org/abs/2410.18129v1,http://arxiv.org/pdf/2410.18129v1,/home/admin/dev/VRA/Novelty/papers/Truncated_multiplication_and_batch_software_SIMD_AVX512_implementation_for_faster_Montgomery_multiplications_and_modular_exponentiation.pdf,,,multiplicative order detection spectrum modular exponentiation
arxiv,"New modular multiplication and division algorithms based on continued
  fraction expansion",,http://arxiv.org/abs/1303.3445v1,http://arxiv.org/pdf/1303.3445v1,/home/admin/dev/VRA/Novelty/papers/New_modular_multiplication_and_division_algorithms_based_on_continued_fraction_expansion.pdf,,,multiplicative order detection spectrum modular exponentiation
arxiv,"Measurement-based uncomputation of quantum circuits for modular
  arithmetic",,http://arxiv.org/abs/2407.20167v1,http://arxiv.org/pdf/2407.20167v1,/home/admin/dev/VRA/Novelty/papers/Measurement-based_uncomputation_of_quantum_circuits_for_modular_arithmetic.pdf,,,multiplicative order detection spectrum modular exponentiation
arxiv,Multiple phases in modularity-based community detection,,http://arxiv.org/abs/1506.04506v1,http://arxiv.org/pdf/1506.04506v1,/home/admin/dev/VRA/Novelty/papers/Multiple_phases_in_modularity-based_community_detection.pdf,,,multiplicative order detection spectrum modular exponentiation
arxiv,Attention-Bayesian Hybrid Approach to Modular Multiple Particle Tracking,,http://arxiv.org/abs/2506.09441v1,http://arxiv.org/pdf/2506.09441v1,/home/admin/dev/VRA/Novelty/papers/Attention-Bayesian_Hybrid_Approach_to_Modular_Multiple_Particle_Tracking.pdf,,,multiplicative order detection spectrum modular exponentiation
arxiv,"Constant-Optimized Quantum Circuits for Modular Multiplication and
  Exponentiation",,http://arxiv.org/abs/1202.6614v3,http://arxiv.org/pdf/1202.6614v3,/home/admin/dev/VRA/Novelty/papers/Constant-Optimized_Quantum_Circuits_for_Modular_Multiplication_and_Exponentiation.pdf,,,multiplicative order detection spectrum modular exponentiation
arxiv,"Optimized circuits for windowed modular arithmetic with applications to
  quantum attacks against RSA",,http://arxiv.org/abs/2502.17325v1,http://arxiv.org/pdf/2502.17325v1,/home/admin/dev/VRA/Novelty/papers/Optimized_circuits_for_windowed_modular_arithmetic_with_applications_to_quantum_attacks_against_RSA.pdf,,,multiplicative order detection spectrum modular exponentiation
arxiv,Unification modulo a partial theory of exponentiation,,http://arxiv.org/abs/1012.4891v1,http://arxiv.org/pdf/1012.4891v1,/home/admin/dev/VRA/Novelty/papers/Unification_modulo_a_partial_theory_of_exponentiation.pdf,,,multiplicative order detection spectrum modular exponentiation
arxiv,Holographic Order from Modular Chaos,,http://arxiv.org/abs/1912.02810v1,http://arxiv.org/pdf/1912.02810v1,/home/admin/dev/VRA/Novelty/papers/Holographic_Order_from_Modular_Chaos.pdf,,,multiplicative order detection spectrum modular exponentiation
arxiv,"Modularity maximization as a flexible and generic framework for brain
  network exploratory analysis",,http://arxiv.org/abs/2106.15428v1,http://arxiv.org/pdf/2106.15428v1,/home/admin/dev/VRA/Novelty/papers/Modularity_maximization_as_a_flexible_and_generic_framework_for_brain_network_exploratory_analysis.pdf,,,multiplicative order detection spectrum modular exponentiation
arxiv,Systematic Use of Random Self-Reducibility against Physical Attacks,,http://arxiv.org/abs/2405.05193v1,http://arxiv.org/pdf/2405.05193v1,/home/admin/dev/VRA/Novelty/papers/Systematic_Use_of_Random_Self-Reducibility_against_Physical_Attacks.pdf,,,multiplicative order detection spectrum modular exponentiation
arxiv,"Correlation Functions of Classical and Quantum Artin System defined on
  Lobachevsky Plane and Scrambling Time",,http://arxiv.org/abs/1808.02132v5,http://arxiv.org/pdf/1808.02132v5,/home/admin/dev/VRA/Novelty/papers/Correlation_Functions_of_Classical_and_Quantum_Artin_System_defined_on_Lobachevsky_Plane_and_Scrambling_Time.pdf,,,multiplicative order detection spectrum modular exponentiation
arxiv,Non-commutative Hilbert modular symbols,,http://arxiv.org/abs/1308.4991v2,http://arxiv.org/pdf/1308.4991v2,/home/admin/dev/VRA/Novelty/papers/Non-commutative_Hilbert_modular_symbols.pdf,,,multiplicative order detection spectrum modular exponentiation
arxiv,"Spectrum of third-order tensor perturbations induced by excited scalar
  fields",,http://arxiv.org/abs/2501.11337v2,http://arxiv.org/pdf/2501.11337v2,/home/admin/dev/VRA/Novelty/papers/Spectrum_of_third-order_tensor_perturbations_induced_by_excited_scalar_fields.pdf,,,multiplicative order detection spectrum modular exponentiation
arxiv,Speculative SAT Modulo SAT,,http://arxiv.org/abs/2306.17765v1,http://arxiv.org/pdf/2306.17765v1,/home/admin/dev/VRA/Novelty/papers/Speculative_SAT_Modulo_SAT.pdf,,,multiplicative order detection spectrum modular exponentiation
arxiv,"Signal detection, modularity and the correlation between extrinsic and
  intrinsic noise in biochemical networks",,http://arxiv.org/abs/q-bio/0508027v2,http://arxiv.org/pdf/q-bio/0508027v2,/home/admin/dev/VRA/Novelty/papers/Signal_detection_modularity_and_the_correlation_between_extrinsic_and_intrinsic_noise_in_biochemical_networks.pdf,,,multiplicative order detection spectrum modular exponentiation
arxiv,"A discrete Fourier transform based quantum circuit for modular
  multiplication in Shor's algorithm",,http://arxiv.org/abs/2503.10008v2,http://arxiv.org/pdf/2503.10008v2,/home/admin/dev/VRA/Novelty/papers/A_discrete_Fourier_transform_based_quantum_circuit_for_modular_multiplication_in_Shor_s_algorithm.pdf,,,multiplicative order detection spectrum modular exponentiation
arxiv,Windowed quantum arithmetic,,http://arxiv.org/abs/1905.07682v1,http://arxiv.org/pdf/1905.07682v1,/home/admin/dev/VRA/Novelty/papers/Windowed_quantum_arithmetic.pdf,,,multiplicative order detection spectrum modular exponentiation
arxiv,Black holes from CFT: Universality of correlators at large c,,http://arxiv.org/abs/1706.00771v2,http://arxiv.org/pdf/1706.00771v2,/home/admin/dev/VRA/Novelty/papers/Black_holes_from_CFT_Universality_of_correlators_at_large_c.pdf,,,multiplicative order detection spectrum modular exponentiation
arxiv,Modular Debiasing: A Robust Method for Quantum Randomness Extraction,,http://arxiv.org/abs/2504.18585v2,http://arxiv.org/pdf/2504.18585v2,/home/admin/dev/VRA/Novelty/papers/Modular_Debiasing_A_Robust_Method_for_Quantum_Randomness_Extraction.pdf,,,multiplicative order detection spectrum modular exponentiation
arxiv,Identities between Modular Graph Forms,,http://arxiv.org/abs/1603.00839v4,http://arxiv.org/pdf/1603.00839v4,/home/admin/dev/VRA/Novelty/papers/Identities_between_Modular_Graph_Forms.pdf,,,multiplicative order detection spectrum modular exponentiation
arxiv,Detection Thresholds and Bias Correction in Polarized Intensity,,http://arxiv.org/abs/1106.5362v1,http://arxiv.org/pdf/1106.5362v1,/home/admin/dev/VRA/Novelty/papers/Detection_Thresholds_and_Bias_Correction_in_Polarized_Intensity.pdf,,,multiplicative order detection spectrum modular exponentiation
arxiv,"Spectrum and Energy Efficient Multiple Access for Detection in Wireless
  Sensor Networks",,http://arxiv.org/abs/1809.08468v1,http://arxiv.org/pdf/1809.08468v1,/home/admin/dev/VRA/Novelty/papers/Spectrum_and_Energy_Efficient_Multiple_Access_for_Detection_in_Wireless_Sensor_Networks.pdf,,,multiplicative order detection spectrum modular exponentiation
arxiv,"On a class of Feynman integrals evaluating to iterated integrals of
  modular forms",,http://arxiv.org/abs/1807.01007v1,http://arxiv.org/pdf/1807.01007v1,/home/admin/dev/VRA/Novelty/papers/On_a_class_of_Feynman_integrals_evaluating_to_iterated_integrals_of_modular_forms.pdf,,,multiplicative order detection spectrum modular exponentiation
arxiv,The kernel of the modular representation and the Galois action in RCFT,,http://arxiv.org/abs/math/0102149v2,http://arxiv.org/pdf/math/0102149v2,/home/admin/dev/VRA/Novelty/papers/The_kernel_of_the_modular_representation_and_the_Galois_action_in_RCFT.pdf,,,multiplicative order detection spectrum modular exponentiation
arxiv,"The $\mathbb C$-motivic Adams-Novikov spectral sequence for topological
  modular forms",,http://arxiv.org/abs/2302.09123v1,http://arxiv.org/pdf/2302.09123v1,/home/admin/dev/VRA/Novelty/papers/The_mathbb_C_-motivic_Adams-Novikov_spectral_sequence_for_topological_modular_forms.pdf,,,multiplicative order detection spectrum modular exponentiation
arxiv,Fourier series of modular graph functions,,http://arxiv.org/abs/1708.07998v2,http://arxiv.org/pdf/1708.07998v2,/home/admin/dev/VRA/Novelty/papers/Fourier_series_of_modular_graph_functions.pdf,,,multiplicative order detection spectrum modular exponentiation
arxiv,Community detection in directed acyclic graphs,,http://arxiv.org/abs/1503.05641v2,http://arxiv.org/pdf/1503.05641v2,/home/admin/dev/VRA/Novelty/papers/Community_detection_in_directed_acyclic_graphs.pdf,,,multiplicative order detection spectrum modular exponentiation
arxiv,Efficient Modular Arithmetic for SIMD Devices,,http://arxiv.org/abs/1310.3809v1,http://arxiv.org/pdf/1310.3809v1,/home/admin/dev/VRA/Novelty/papers/Efficient_Modular_Arithmetic_for_SIMD_Devices.pdf,,,multiplicative order detection spectrum modular exponentiation
arxiv,"Theta operators, Goss polynomials, and v-adic modular forms",,http://arxiv.org/abs/1605.04235v3,http://arxiv.org/pdf/1605.04235v3,/home/admin/dev/VRA/Novelty/papers/Theta_operators_Goss_polynomials_and_v-adic_modular_forms.pdf,,,multiplicative order detection spectrum modular exponentiation
arxiv,"ExpSOS: Secure and Verifiable Outsourcing of Exponentiation Operations
  for Mobile Cloud Computing",,http://arxiv.org/abs/1602.08472v1,http://arxiv.org/pdf/1602.08472v1,/home/admin/dev/VRA/Novelty/papers/ExpSOS_Secure_and_Verifiable_Outsourcing_of_Exponentiation_Operations_for_Mobile_Cloud_Computing.pdf,,,multiplicative order detection spectrum modular exponentiation
arxiv,"New Residue Arithmetic Based Barrett Algorithms, Part II: Modular
  Polynomial Computations",,http://arxiv.org/abs/1602.01553v1,http://arxiv.org/pdf/1602.01553v1,/home/admin/dev/VRA/Novelty/papers/New_Residue_Arithmetic_Based_Barrett_Algorithms_Part_II_Modular_Polynomial_Computations.pdf,,,multiplicative order detection spectrum modular exponentiation
arxiv,Modularity and Projection of Bipartite Networks,,http://arxiv.org/abs/1908.02520v1,http://arxiv.org/pdf/1908.02520v1,/home/admin/dev/VRA/Novelty/papers/Modularity_and_Projection_of_Bipartite_Networks.pdf,,,multiplicative order detection spectrum modular exponentiation
arxiv,Modularity of Erdős-Rényi random graphs,,http://arxiv.org/abs/1808.02243v2,http://arxiv.org/pdf/1808.02243v2,/home/admin/dev/VRA/Novelty/papers/Modularity_of_Erdős-Rényi_random_graphs.pdf,,,multiplicative order detection spectrum modular exponentiation
arxiv,A short note on the multiplicative energy of the spectrum of a set,,http://arxiv.org/abs/1805.10468v1,http://arxiv.org/pdf/1805.10468v1,/home/admin/dev/VRA/Novelty/papers/A_short_note_on_the_multiplicative_energy_of_the_spectrum_of_a_set.pdf,,,multiplicative order detection spectrum modular exponentiation
arxiv,Network community detection using modularity density measures,,http://arxiv.org/abs/1708.06810v1,http://arxiv.org/pdf/1708.06810v1,/home/admin/dev/VRA/Novelty/papers/Network_community_detection_using_modularity_density_measures.pdf,,,multiplicative order detection spectrum modular exponentiation
arxiv,"Modular categories, integrality and Egyptian fractions",,http://arxiv.org/abs/1012.0814v2,http://arxiv.org/pdf/1012.0814v2,/home/admin/dev/VRA/Novelty/papers/Modular_categories_integrality_and_Egyptian_fractions.pdf,,,multiplicative order detection spectrum modular exponentiation
arxiv,"Modular Meshed Ultra-Wideband Aided Inertial Navigation with Robust
  Anchor Calibration",,http://arxiv.org/abs/2408.14081v1,http://arxiv.org/pdf/2408.14081v1,/home/admin/dev/VRA/Novelty/papers/Modular_Meshed_Ultra-Wideband_Aided_Inertial_Navigation_with_Robust_Anchor_Calibration.pdf,,,multiplicative order detection spectrum modular exponentiation
arxiv,Narrowband Interference Detection via Deep Learning,,http://arxiv.org/abs/2301.09607v1,http://arxiv.org/pdf/2301.09607v1,/home/admin/dev/VRA/Novelty/papers/Narrowband_Interference_Detection_via_Deep_Learning.pdf,,,multiplicative order detection spectrum modular exponentiation
arxiv,Space-Efficient and Noise-Robust Quantum Factoring,,http://arxiv.org/abs/2310.00899v5,http://arxiv.org/pdf/2310.00899v5,/home/admin/dev/VRA/Novelty/papers/Space-Efficient_and_Noise-Robust_Quantum_Factoring.pdf,,,multiplicative order detection spectrum modular exponentiation
arxiv,Solutions of equations involving the modular $j$ function,,http://arxiv.org/abs/1907.09858v3,http://arxiv.org/pdf/1907.09858v3,/home/admin/dev/VRA/Novelty/papers/Solutions_of_equations_involving_the_modular_j_function.pdf,,,multiplicative order detection spectrum modular exponentiation
arxiv,"SM-NAS: Structural-to-Modular Neural Architecture Search for Object
  Detection",,http://arxiv.org/abs/1911.09929v2,http://arxiv.org/pdf/1911.09929v2,/home/admin/dev/VRA/Novelty/papers/SM-NAS_Structural-to-Modular_Neural_Architecture_Search_for_Object_Detection.pdf,,,multiplicative order detection spectrum modular exponentiation
arxiv,The term a_4 in the heat kernel expansion of noncommutative tori,,http://arxiv.org/abs/1611.09815v1,http://arxiv.org/pdf/1611.09815v1,/home/admin/dev/VRA/Novelty/papers/The_term_a_4_in_the_heat_kernel_expansion_of_noncommutative_tori.pdf,,,multiplicative order detection spectrum modular exponentiation
arxiv,"Chaotic Roots of the Modular Multiplication Dynamical System in Shor's
  Algorithm",,http://arxiv.org/abs/2306.16446v1,http://arxiv.org/pdf/2306.16446v1,/home/admin/dev/VRA/Novelty/papers/Chaotic_Roots_of_the_Modular_Multiplication_Dynamical_System_in_Shor_s_Algorithm.pdf,,,multiplicative order detection spectrum modular exponentiation
crossref,Circular Multiplicative Modular Exponentiation: A New Public Key Exchange Algorithm,10.31219/osf.io/dqaj4,https://doi.org/10.31219/osf.io/dqaj4,,,2023,,multiplicative order detection spectrum modular exponentiation
crossref,Efficient regular modular exponentiation using multiplicative half-size splitting,10.1007/s13389-016-0134-5,https://doi.org/10.1007/s13389-016-0134-5,http://link.springer.com/content/pdf/10.1007/s13389-016-0134-5.pdf,/home/admin/dev/VRA/Novelty/papers/Efficient_regular_modular_exponentiation_using_multiplicative_half-size_splitting.pdf,2016,Journal of Cryptographic Engineering,multiplicative order detection spectrum modular exponentiation
crossref,"Modular Addition, Multiplication, and Exponentiation",10.3840/001914,https://doi.org/10.3840/001914,,,2007,Wolfram Demonstrations Project,multiplicative order detection spectrum modular exponentiation
crossref,"Modular Addition, Multiplication, and Exponentiation",10.3840/07001914,https://doi.org/10.3840/07001914,,,2007,Wolfram Demonstrations Project,multiplicative order detection spectrum modular exponentiation
crossref,Where All Roads Meet: Modular Exponentiation,10.1007/978-1-4302-0026-0_6,https://doi.org/10.1007/978-1-4302-0026-0_6,,,,Cryptography in C and C++,multiplicative order detection spectrum modular exponentiation
crossref,"Modular Exponentiation, Modular Logarithm, and One-Way Functions",10.1017/cbo9781139084772.012,https://doi.org/10.1017/cbo9781139084772.012,,,2014,A Cryptography Primer,multiplicative order detection spectrum modular exponentiation
crossref,Efficient Randomized Regular Modular Exponentiation using Combined Montgomery and Barrett Multiplications,10.5220/0005998503680375,https://doi.org/10.5220/0005998503680375,,,2016,Proceedings of the 13th International Joint Conference on e-Business and Telecommunications,multiplicative order detection spectrum modular exponentiation
crossref,High-Performance RNS Modular Exponentiation by Sum-Residue Reduction,10.21203/rs.3.rs-86431/v1,https://doi.org/10.21203/rs.3.rs-86431/v1,,,2020,,multiplicative order detection spectrum modular exponentiation
crossref,MODULAR EXPONENTIATION,10.47839/ijc.2.3.229,https://doi.org/10.47839/ijc.2.3.229,https://computingonline.net/computing/article/download/229/204,/home/admin/dev/VRA/Novelty/papers/MODULAR_EXPONENTIATION.pdf,2014,International Journal of Computing,multiplicative order detection spectrum modular exponentiation
crossref,Bit Forwarding Techniques for Efficient Modular Exponentiation,10.1007/978-3-030-74524-0_9,https://doi.org/10.1007/978-3-030-74524-0_9,,,2021,Energy-Efficient Modular Exponential Techniques for Public-Key Cryptography,multiplicative order detection spectrum modular exponentiation
crossref,Data and Computational Fault Detection Mechanism for Devices That Perform Modular Exponentiation,10.1007/11889700_8,https://doi.org/10.1007/11889700_8,,,2006,Lecture Notes in Computer Science Fault Diagnosis and Tolerance in Cryptography,multiplicative order detection spectrum modular exponentiation
crossref,A radix-4 modular multiplication hardware algorithm for modular exponentiation,10.1109/12.156537,https://doi.org/10.1109/12.156537,,,1992,IEEE Transactions on Computers,multiplicative order detection spectrum modular exponentiation
crossref,Using Genetic Algorithm in Inner Product to Resist Modular Exponentiation From Higher Order DPA Attacks,10.1109/access.2021.3139925,https://doi.org/10.1109/access.2021.3139925,,,2022,IEEE Access,multiplicative order detection spectrum modular exponentiation
crossref,Where All Roads Meet: Modular Exponentiation,10.1007/978-1-4302-1157-0_6,https://doi.org/10.1007/978-1-4302-1157-0_6,,,2001,Cryptography in C and C++,multiplicative order detection spectrum modular exponentiation
crossref,Implementation of Modular Exponentiation in Dual-Core,10.1007/978-3-030-74524-0_12,https://doi.org/10.1007/978-3-030-74524-0_12,,,2021,Energy-Efficient Modular Exponential Techniques for Public-Key Cryptography,multiplicative order detection spectrum modular exponentiation
crossref,Review of Hardware Techniques for Improving Performance of Modular Exponentiation,10.1007/978-3-030-74524-0_5,https://doi.org/10.1007/978-3-030-74524-0_5,,,2021,Energy-Efficient Modular Exponential Techniques for Public-Key Cryptography,multiplicative order detection spectrum modular exponentiation
crossref,Where All Roads Meet: Modular Exponentiation,10.1007/978-1-4302-5099-9_6,https://doi.org/10.1007/978-1-4302-5099-9_6,,,2013,Cryptography in C and C++,multiplicative order detection spectrum modular exponentiation
crossref,Spectral Modular Exponentiation,10.1109/arith.2007.34,https://doi.org/10.1109/arith.2007.34,,,2007,18th IEEE Symposium on Computer Arithmetic (ARITH '07),multiplicative order detection spectrum modular exponentiation
crossref,More Modular Exponentiation (MODP) Diffie-Hellman (DH) Key Exchange (KEX) Groups for Secure Shell (SSH),10.17487/rfc8268,https://doi.org/10.17487/rfc8268,,,2017,,multiplicative order detection spectrum modular exponentiation
crossref,Shor's Factoring Algorithm and Modular Exponentiation Operators,10.12743/quanta.v12i1.235,https://doi.org/10.12743/quanta.v12i1.235,https://dankogeorgiev.com/ojs/index.php/quanta/article/download/77/77,/home/admin/dev/VRA/Novelty/papers/Shor_s_Factoring_Algorithm_and_Modular_Exponentiation_Operators.pdf,2023,Quanta,multiplicative order detection spectrum modular exponentiation
crossref,A randomized binary modular exponentiation based RSA algorithm against the comparative power analysis,10.1109/icade.2012.6330119,https://doi.org/10.1109/icade.2012.6330119,,,2012,"2012 IEEE International Conference on Intelligent Control, Automatic Detection and High-End Equipment",multiplicative order detection spectrum modular exponentiation
crossref,Modular exponentiation with inner product to resist higher-order DPA attacks,10.1007/s11334-019-00346-2,https://doi.org/10.1007/s11334-019-00346-2,http://link.springer.com/content/pdf/10.1007/s11334-019-00346-2.pdf,/home/admin/dev/VRA/Novelty/papers/Modular_exponentiation_with_inner_product_to_resist_higher-order_DPA_attacks.pdf,2019,Innovations in Systems and Software Engineering,multiplicative order detection spectrum modular exponentiation
crossref,Montgomery modular exponentiation on reconfigurable hardware,10.1109/arith.1999.762831,https://doi.org/10.1109/arith.1999.762831,,,,Proceedings 14th IEEE Symposium on Computer Arithmetic (Cat. No.99CB36336),multiplicative order detection spectrum modular exponentiation
crossref,Review of Algorithmic Techniques for Improving the Performance of Modular Exponentiation,10.1007/978-3-030-74524-0_4,https://doi.org/10.1007/978-3-030-74524-0_4,,,2021,Energy-Efficient Modular Exponential Techniques for Public-Key Cryptography,multiplicative order detection spectrum modular exponentiation
crossref,Montgomery modular exponentiation on FPGA,10.1109/icm.2012.6471439,https://doi.org/10.1109/icm.2012.6471439,,,2012,2012 24th International Conference on Microelectronics (ICM),multiplicative order detection spectrum modular exponentiation
crossref,An algorithm for modular exponentiation,10.1109/arith.1981.6159298,https://doi.org/10.1109/arith.1981.6159298,,,1981,1981 IEEE 5th Symposium on Computer Arithmetic (ARITH),multiplicative order detection spectrum modular exponentiation
crossref,Truncated Modular Exponentiation Operators: A Strategy for Quantum Factoring,10.12743/quanta.v13i1.277,https://doi.org/10.12743/quanta.v13i1.277,https://dankogeorgiev.com/ojs/index.php/quanta/article/download/88/88,/home/admin/dev/VRA/Novelty/papers/Truncated_Modular_Exponentiation_Operators_A_Strategy_for_Quantum_Factoring.pdf,2024,Quanta,multiplicative order detection spectrum modular exponentiation
crossref,"Exponentiation, Modular Multiplication and VLSI Implementation of High-Speed RSA Cryptography",10.7146/dpb.v24i499.7027,https://doi.org/10.7146/dpb.v24i499.7027,http://ojs.statsbiblioteket.dk/index.php/daimipb/article/viewFile/7027/5988,/home/admin/dev/VRA/Novelty/papers/Exponentiation_Modular_Multiplication_and_VLSI_Implementation_of_High-Speed_RSA_Cryptography.pdf,1995,DAIMI Report Series,multiplicative order detection spectrum modular exponentiation
crossref,Scaling Modular Exponentiation Hardware to the Minimum,10.1049/ic.2012.0216,https://doi.org/10.1049/ic.2012.0216,,,2012,IET Irish Signals and Systems Conference (ISSC 2012),multiplicative order detection spectrum modular exponentiation
crossref,FPGA implementation of the m-ary modular exponentiation,10.1109/idt.2013.6727140,https://doi.org/10.1109/idt.2013.6727140,,,2013,2013 8th IEEE Design and Test Symposium,multiplicative order detection spectrum modular exponentiation
crossref,High-performance modular exponentiation algorithm by using a new modified modular multiplication algorithm and common-multiplicand-multiplication method,10.1109/worldcis17046.2011.5749849,https://doi.org/10.1109/worldcis17046.2011.5749849,,,2011,2011 World Congress on Internet Security (WorldCIS-2011),multiplicative order detection spectrum modular exponentiation
crossref,Efficient Leak Resistant Modular Exponentiation in RNS,10.1109/arith.2017.39,https://doi.org/10.1109/arith.2017.39,,,2017,2017 IEEE 24th Symposium on Computer Arithmetic (ARITH),multiplicative order detection spectrum modular exponentiation
crossref,Fast quantum modular exponentiation,10.1103/physreva.71.052320,https://doi.org/10.1103/physreva.71.052320,,,2005,Physical Review A,multiplicative order detection spectrum modular exponentiation
crossref,A New Modified CMM Modular Exponentiation Algorithm,10.20533/ijicr.2042.4655.2011.0021,https://doi.org/10.20533/ijicr.2042.4655.2011.0021,,,2011,International Journal of Intelligent Computing Research,multiplicative order detection spectrum modular exponentiation
crossref,High throughput parallel montgomery modular exponentiation on FPGA,10.1109/idt.2014.7038618,https://doi.org/10.1109/idt.2014.7038618,,,2014,2014 9th International Design and Test Symposium (IDT),multiplicative order detection spectrum modular exponentiation
crossref,Spectacular Exponents: A semi modular Approach to Fast Exponentiation,10.24297/jam.v16i0.8301,https://doi.org/10.24297/jam.v16i0.8301,https://cirworld.com/index.php/jam/article/download/8301/7769,,2019,JOURNAL OF ADVANCES IN MATHEMATICS,multiplicative order detection spectrum modular exponentiation
crossref,A New CMM-NAF Modular Exponentiation Algorithm by using a New Modular Multiplication Algorithm,10.3923/tasr.2012.240.247,https://doi.org/10.3923/tasr.2012.240.247,,,2012,Trends in Applied Sciences Research,multiplicative order detection spectrum modular exponentiation
crossref,New Modular Multiplication Algorithms for Fast Modular Exponentiation,10.1007/3-540-68339-9_15,https://doi.org/10.1007/3-540-68339-9_15,,,1996,Lecture Notes in Computer Science Advances in Cryptology — EUROCRYPT ’96,multiplicative order detection spectrum modular exponentiation
crossref,Study on Several Fast Algorithm of Modular Exponentiation in RSA,10.1109/ncis.2011.82,https://doi.org/10.1109/ncis.2011.82,,,2011,2011 International Conference on Network Computing and Information Security,multiplicative order detection spectrum modular exponentiation
crossref,Low power modular integer exponentiation using discrete logarithm transformation,10.1109/mnrc.2008.4683391,https://doi.org/10.1109/mnrc.2008.4683391,,,2008,2008 1st Microsystems and Nanoelectronics Research Conference,multiplicative order detection spectrum modular exponentiation
crossref,Modular exponentiation on fine-grained FPGA,10.1109/sbcci.2000.876021,https://doi.org/10.1109/sbcci.2000.876021,,,,Proceedings 13th Symposium on Integrated Circuits and Systems Design (Cat. No.PR00843),multiplicative order detection spectrum modular exponentiation
crossref,Classification and Canonical Forms for Multiplicative Linear and Multiplicative Quasilinear Second-Order Multiplicative Partial Differential Equations,10.1201/9781003440116-3,https://doi.org/10.1201/9781003440116-3,,,2023,Multiplicative Partial Differential Equations,multiplicative order detection spectrum modular exponentiation
crossref,Computing Modular Exponentiation for Fixed-Exponent,10.1145/2835043.2835046,https://doi.org/10.1145/2835043.2835046,,,2015,Proceedings of the 8th Annual ACM India Conference,multiplicative order detection spectrum modular exponentiation
crossref,The alternative Method to Finish Modular Exponentiation and Point Multiplication Processes,10.3837/tiis.2021.07.017,https://doi.org/10.3837/tiis.2021.07.017,,,2021,KSII Transactions on Internet and Information Systems,multiplicative order detection spectrum modular exponentiation
crossref,Signal detection in additive-multiplicative non-Gaussian noise using higher order statistics,10.1109/radioelek.2016.7477367,https://doi.org/10.1109/radioelek.2016.7477367,,,2016,2016 26th International Conference Radioelektronika (RADIOELEKTRONIKA),multiplicative order detection spectrum modular exponentiation
crossref,Systolic modular exponentiation,10.1007/3-540-63371-5_49,https://doi.org/10.1007/3-540-63371-5_49,,,1997,Lecture Notes in Computer Science Parallel Computing Technologies,multiplicative order detection spectrum modular exponentiation
crossref,High-radix Montgomery modular exponentiation on reconfigurable hardware,10.1109/12.936241,https://doi.org/10.1109/12.936241,,,2001,IEEE Transactions on Computers,multiplicative order detection spectrum modular exponentiation
crossref,"Modular Multiplicative Inverses, MMI",10.1201/9781003402633-28,https://doi.org/10.1201/9781003402633-28,,,2024,Electronic String Art,multiplicative order detection spectrum modular exponentiation
crossref,Pushing the Performance Envelope of Modular Exponentiation Across Multiple Generations of GPUs,10.1109/ipdps.2015.69,https://doi.org/10.1109/ipdps.2015.69,,,2015,2015 IEEE International Parallel and Distributed Processing Symposium,multiplicative order detection spectrum modular exponentiation
crossref,SoC-based implementation for modular exponentiation using evolutionary addition chains,10.1109/cec.2007.4424931,https://doi.org/10.1109/cec.2007.4424931,,,2007,2007 IEEE Congress on Evolutionary Computation,multiplicative order detection spectrum modular exponentiation
arxiv,When is the multiplicative group of a field indecomposable?,,http://arxiv.org/abs/1407.3481v1,http://arxiv.org/pdf/1407.3481v1,/home/admin/dev/VRA/Novelty/papers/When_is_the_multiplicative_group_of_a_field_indecomposable_.pdf,,,spectral analysis multiplicative group finite field
arxiv,Is there an infinite field whose multiplicative group is indecomposable?,,http://arxiv.org/abs/2204.10146v1,http://arxiv.org/pdf/2204.10146v1,/home/admin/dev/VRA/Novelty/papers/Is_there_an_infinite_field_whose_multiplicative_group_is_indecomposable_.pdf,,,spectral analysis multiplicative group finite field
arxiv,"Harmonic analysis and spherical functions for multiplicity-free induced
  representations of finite groups",,http://arxiv.org/abs/1811.09526v1,http://arxiv.org/pdf/1811.09526v1,/home/admin/dev/VRA/Novelty/papers/Harmonic_analysis_and_spherical_functions_for_multiplicity-free_induced_representations_of_finite_groups.pdf,,,spectral analysis multiplicative group finite field
arxiv,Finite equal norm Parseval Wavelet Frames over Prime Fields,,http://arxiv.org/abs/1705.11127v1,http://arxiv.org/pdf/1705.11127v1,/home/admin/dev/VRA/Novelty/papers/Finite_equal_norm_Parseval_Wavelet_Frames_over_Prime_Fields.pdf,,,spectral analysis multiplicative group finite field
arxiv,Spectral theory of spin substitutions,,http://arxiv.org/abs/2108.08642v1,http://arxiv.org/pdf/2108.08642v1,/home/admin/dev/VRA/Novelty/papers/Spectral_theory_of_spin_substitutions.pdf,,,spectral analysis multiplicative group finite field
arxiv,The orbit method for unipotent groups over finite field,,http://arxiv.org/abs/1212.1980v1,http://arxiv.org/pdf/1212.1980v1,/home/admin/dev/VRA/Novelty/papers/The_orbit_method_for_unipotent_groups_over_finite_field.pdf,,,spectral analysis multiplicative group finite field
arxiv,Fields whose Multiplicative Groups are Linear Spaces,,http://arxiv.org/abs/1905.05714v2,http://arxiv.org/pdf/1905.05714v2,/home/admin/dev/VRA/Novelty/papers/Fields_whose_Multiplicative_Groups_are_Linear_Spaces.pdf,,,spectral analysis multiplicative group finite field
arxiv,A remark about the spectral radius,,http://arxiv.org/abs/1306.1767v1,http://arxiv.org/pdf/1306.1767v1,/home/admin/dev/VRA/Novelty/papers/A_remark_about_the_spectral_radius.pdf,,,spectral analysis multiplicative group finite field
arxiv,"The spectral geometry of the canonical Riemannian submersion of a
  compact Lie Group",,http://arxiv.org/abs/math/0610788v1,http://arxiv.org/pdf/math/0610788v1,/home/admin/dev/VRA/Novelty/papers/The_spectral_geometry_of_the_canonical_Riemannian_submersion_of_a_compact_Lie_Group.pdf,,,spectral analysis multiplicative group finite field
arxiv,Algebraic spectral theory and Serre multiplicity formula,,http://arxiv.org/abs/2104.03672v1,http://arxiv.org/pdf/2104.03672v1,/home/admin/dev/VRA/Novelty/papers/Algebraic_spectral_theory_and_Serre_multiplicity_formula.pdf,,,spectral analysis multiplicative group finite field
crossref,Groups of Multiplicative Type; Linearly Reductive Groups,10.1017/9781316711736.014,https://doi.org/10.1017/9781316711736.014,,,2017,Algebraic Groups,spectral analysis multiplicative group finite field
crossref,Improved lower bound for Diffie–Hellman problem using multiplicative group of a finite field as auxiliary group,10.1515/jmc-2017-0053,https://doi.org/10.1515/jmc-2017-0053,,,2018,Journal of Mathematical Cryptology,spectral analysis multiplicative group finite field
crossref,Additive patterns in a multiplicative group in a finite field,10.1007/s00229-003-0360-x,https://doi.org/10.1007/s00229-003-0360-x,http://link.springer.com/content/pdf/10.1007/s00229-003-0360-x.pdf,/home/admin/dev/VRA/Novelty/papers/Additive_patterns_in_a_multiplicative_group_in_a_finite_field.pdf,2003,manuscripta mathematica,spectral analysis multiplicative group finite field
crossref,The average order of elements in the multiplicative group of a finite field,10.2140/involve.2012.5.229,https://doi.org/10.2140/involve.2012.5.229,,,2012,"Involve, a Journal of Mathematics",spectral analysis multiplicative group finite field
crossref,WITHDRAWN: THE KLOOSTERMAN-SPECTRAL FORMULA OVER A FINITE FIELD,10.1016/b978-0-12-178590-1.50008-4,https://doi.org/10.1016/b978-0-12-178590-1.50008-4,,,1990,The Arithmetic and Spectral Analysis of Poincaré Series,spectral analysis multiplicative group finite field
crossref,A novel QC-LDPC code based on the finite field multiplicative group for optical communications,10.1007/s11801-013-3102-7,https://doi.org/10.1007/s11801-013-3102-7,http://link.springer.com/content/pdf/10.1007/s11801-013-3102-7.pdf,/home/admin/dev/VRA/Novelty/papers/A_novel_QC-LDPC_code_based_on_the_finite_field_multiplicative_group_for_optical_communications.pdf,2013,Optoelectronics Letters,spectral analysis multiplicative group finite field
crossref,Translates of subgroups of the multiplicative group of a finite field,10.1016/1385-7258(75)90000-1,https://doi.org/10.1016/1385-7258(75)90000-1,,,1975,Indagationes Mathematicae (Proceedings),spectral analysis multiplicative group finite field
crossref,Probabilistic finite element analysis of structures using the multiplicative dimensional reduction method,10.12681/eadd/50320,https://doi.org/10.12681/eadd/50320,,,,,spectral analysis multiplicative group finite field
crossref,Construction method of QC-LDPC codes based on multiplicative group of finite field in optical communication,10.1007/s11801-016-6143-x,https://doi.org/10.1007/s11801-016-6143-x,http://link.springer.com/content/pdf/10.1007/s11801-016-6143-x.pdf,/home/admin/dev/VRA/Novelty/papers/Construction_method_of_QC-LDPC_codes_based_on_multiplicative_group_of_finite_field_in_optical_communication.pdf,2016,Optoelectronics Letters,spectral analysis multiplicative group finite field
crossref,Computing multiplicative order and primitive root in finite cyclic group,10.1109/ic3.2014.6897161,https://doi.org/10.1109/ic3.2014.6897161,,,2014,2014 Seventh International Conference on Contemporary Computing (IC3),spectral analysis multiplicative group finite field
crossref,Non-linear multi-level finite element analysis based on multiplicative and additive corrections,10.1016/s0168-874x(00)00064-0,https://doi.org/10.1016/s0168-874x(00)00064-0,,,2001,Finite Elements in Analysis and Design,spectral analysis multiplicative group finite field
crossref,Finite Group Schemes,10.1017/9781316711736.013,https://doi.org/10.1017/9781316711736.013,,,2017,Algebraic Groups,spectral analysis multiplicative group finite field
crossref,Fast Multiplication of a Matrix with Large Multiplicative Order by a Vector Over a Finite Field,10.18255/1818-1015-2014-2-39-49,https://doi.org/10.18255/1818-1015-2014-2-39-49,http://mais-journal.ru/jour/article/viewFile/118/116,,2014,Modeling and Analysis of Information Systems,spectral analysis multiplicative group finite field
crossref,On Polynomials over Prime Fields Taking Only Two Values on the Multiplicative Group,10.1006/ffta.2000.0278,https://doi.org/10.1006/ffta.2000.0278,,,2000,Finite Fields and Their Applications,spectral analysis multiplicative group finite field
crossref,On normal subgroups of multiplicative group of skew fields generated by a polycyclic-by-finite group,10.1016/0021-8693(82)90095-3,https://doi.org/10.1016/0021-8693(82)90095-3,,,1982,Journal of Algebra,spectral analysis multiplicative group finite field
crossref,The discrete Fourier transform over a finite field with reduced multiplicative complexity,10.1109/isit.2011.6033725,https://doi.org/10.1109/isit.2011.6033725,,,2011,2011 IEEE International Symposium on Information Theory Proceedings,spectral analysis multiplicative group finite field
crossref,Properties of Primes and Multiplicative Group of a Field,10.2478/v10037-009-0017-7,https://doi.org/10.2478/v10037-009-0017-7,,,2009,Formalized Mathematics,spectral analysis multiplicative group finite field
crossref,Finite Rings Having a Cyclic Multiplicative Group of Units,10.2307/2373134,https://doi.org/10.2307/2373134,,,1963,American Journal of Mathematics,spectral analysis multiplicative group finite field
crossref,Finite-Temperature Spectral Functions from the Functional Renormalization Group,10.22323/1.187.0457,https://doi.org/10.22323/1.187.0457,,,2014,Proceedings of 31st International Symposium on Lattice Field Theory LATTICE 2013 — PoS(LATTICE 2013),spectral analysis multiplicative group finite field
crossref,The multiplicative group of a local skew field as Galois group.,10.1515/crll.1987.381.51,https://doi.org/10.1515/crll.1987.381.51,,,1987,Journal für die reine und angewandte Mathematik (Crelles Journal),spectral analysis multiplicative group finite field
crossref,Anisotropic spectral cut-off estimation under multiplicative measurement errors,10.1016/j.jmva.2022.104990,https://doi.org/10.1016/j.jmva.2022.104990,,,2022,Journal of Multivariate Analysis,spectral analysis multiplicative group finite field
crossref,Classification of multiplicative Lie algebra structures on a finite group,10.4064/cm8397-12-2020,https://doi.org/10.4064/cm8397-12-2020,,,2022,Colloquium Mathematicum,spectral analysis multiplicative group finite field
crossref,Torsion in quotients of the multiplicative group of a number field,10.1090/conm/171/01773,https://doi.org/10.1090/conm/171/01773,,,1994,Contemporary Mathematics Abelian Group Theory and Related Topics,spectral analysis multiplicative group finite field
crossref,On Finite Homomorphic Images of the Multiplicative Group of a Division Algebra,10.2307/121024,https://doi.org/10.2307/121024,,,1999,The Annals of Mathematics,spectral analysis multiplicative group finite field
crossref,On the capacity of multiplicative finite-field matrix channels,10.1109/isit.2011.6034142,https://doi.org/10.1109/isit.2011.6034142,,,2011,2011 IEEE International Symposium on Information Theory Proceedings,spectral analysis multiplicative group finite field
crossref,Finite Dimensional Group Representations,10.1007/978-3-031-51605-4_2,https://doi.org/10.1007/978-3-031-51605-4_2,,,2023,A Spectral Theory Of Noncommuting Operators,spectral analysis multiplicative group finite field
crossref,On the multiplicative group of a field,10.1007/bf01589199,https://doi.org/10.1007/bf01589199,http://link.springer.com/content/pdf/10.1007/BF01589199.pdf,/home/admin/dev/VRA/Novelty/papers/On_the_multiplicative_group_of_a_field.pdf,1964,Archiv der Mathematik,spectral analysis multiplicative group finite field
crossref,Continuous Renormalization Group Analysis of Spectral Problems in Quantum Field Theory,10.1016/j.jfa.2014.10.022,https://doi.org/10.1016/j.jfa.2014.10.022,,,2015,Journal of Functional Analysis,spectral analysis multiplicative group finite field
crossref,Multiplicative field invariants and the Brauer group,10.1016/0021-8693(90)90288-y,https://doi.org/10.1016/0021-8693(90)90288-y,,,1990,Journal of Algebra,spectral analysis multiplicative group finite field
crossref,Generators of an orthogonal group over a finite field,10.21136/cmj.1978.101547,https://doi.org/10.21136/cmj.1978.101547,,,1978,Czechoslovak Mathematical Journal,spectral analysis multiplicative group finite field
crossref,A field extension with certain finiteness condition on multiplicative group extension,10.1215/kjm/1250521813,https://doi.org/10.1215/kjm/1250521813,,,1982,Kyoto Journal of Mathematics,spectral analysis multiplicative group finite field
crossref,On some subgroups of the multiplicative group of finite rings,10.5802/jtnb.445,https://doi.org/10.5802/jtnb.445,,,2008,Journal de théorie des nombres de Bordeaux,spectral analysis multiplicative group finite field
crossref,Chapter 15. The Structure of the Multiplicative Group of a Complete Discrete Valued Field with a Perfect Residue Class Field of Prime Characteristic,10.1515/9783112570067-019,https://doi.org/10.1515/9783112570067-019,,,1979,Number Theory,spectral analysis multiplicative group finite field
crossref,Implicit solutions with consistent additive and multiplicative components,10.1016/j.finel.2012.03.007,https://doi.org/10.1016/j.finel.2012.03.007,,,2012,Finite Elements in Analysis and Design,spectral analysis multiplicative group finite field
crossref,Large Multiplicative Group of Hamel Functions,10.14321/realanalexch.1739089952,https://doi.org/10.14321/realanalexch.1739089952,,,2025,Real Analysis Exchange,spectral analysis multiplicative group finite field
crossref,A Multiplicative Tate Spectral Sequence for Compact Lie Group Actions,10.1090/memo/1468,https://doi.org/10.1090/memo/1468,,,2024,Memoirs of the American Mathematical Society,spectral analysis multiplicative group finite field
crossref,Selection Precoding for the Finite-Field Multiplicative Matrix Channel,10.1109/lcomm.2013.120413.132131,https://doi.org/10.1109/lcomm.2013.120413.132131,,,2014,IEEE Communications Letters,spectral analysis multiplicative group finite field
crossref,Classification of Finite Factor Representations of the (2m+1)-Dimensional Heisenberg Group over a Countable Field of Finite Characteristic,10.1023/a:1020162424581,https://doi.org/10.1023/a:1020162424581,https://link.springer.com/content/pdf/10.1023/A:1020162424581.pdf,/home/admin/dev/VRA/Novelty/papers/Classification_of_Finite_Factor_Representations_of_the_2m_1_-Dimensional_Heisenberg_Group_over_a_Countable_Field_of_Finite_Characteristic.pdf,2002,Functional Analysis and Its Applications,spectral analysis multiplicative group finite field
crossref,"Finite Groups of Multiplicative Isometries of 
                     
                        
                           
                              
                                 E
                                 ⋆
                                 2",10.1201/9781003325284-4,https://doi.org/10.1201/9781003325284-4,,,2022,Multiplicative Analytic Geometry,spectral analysis multiplicative group finite field
crossref,THE MULTIPLICATIVE GROUP OF A FIELD AND HYPERIDENTITIES,10.1070/im1990v035n02abeh000708,https://doi.org/10.1070/im1990v035n02abeh000708,,,1990,Mathematics of the USSR-Izvestiya,spectral analysis multiplicative group finite field
crossref,A novel construction method of QC-LDPC codes based on the subgroup of the finite field multiplicative group for optical transmission systems,10.1007/s11801-016-5141-3,https://doi.org/10.1007/s11801-016-5141-3,http://link.springer.com/content/pdf/10.1007/s11801-016-5141-3.pdf,/home/admin/dev/VRA/Novelty/papers/A_novel_construction_method_of_QC-LDPC_codes_based_on_the_subgroup_of_the_finite_field_multiplicative_group_for_optical_transmission_systems.pdf,2016,Optoelectronics Letters,spectral analysis multiplicative group finite field
crossref,Spectral finite element analysis of elastically connected double-beam systems,10.1016/j.finel.2007.08.007,https://doi.org/10.1016/j.finel.2007.08.007,,,2007,Finite Elements in Analysis and Design,spectral analysis multiplicative group finite field
crossref,"ζ-function regularization, the multiplicative anomaly, and finite temperature quantum field theory",10.1103/physrevd.58.105001,https://doi.org/10.1103/physrevd.58.105001,,,1998,Physical Review D,spectral analysis multiplicative group finite field
crossref,THE MULTIPLICATIVE STRUCTURE,10.1017/cbo9780511565892.008,https://doi.org/10.1017/cbo9780511565892.008,,,1976,Finite Free Resolutions,spectral analysis multiplicative group finite field
crossref,Finite quotients of the multiplicative group of a finite dimensional division algebra are solvable,10.1090/s0894-0347-02-00393-4,https://doi.org/10.1090/s0894-0347-02-00393-4,,,2002,Journal of the American Mathematical Society,spectral analysis multiplicative group finite field
crossref,The Structure of the Multiplicative Group of a Complete Discrete Valued Field with a Perfect Residue Class Field of Prime Characteristic,10.1007/978-3-642-66671-1_15,https://doi.org/10.1007/978-3-642-66671-1_15,,,1980,Grundlehren der mathematischen Wissenschaften Number Theory,spectral analysis multiplicative group finite field
crossref,Group Theory; the Isomorphism Theorems,10.1017/9781316711736.007,https://doi.org/10.1017/9781316711736.007,,,2017,Algebraic Groups,spectral analysis multiplicative group finite field
crossref,HARMONIC ANALYSIS ON FINITE ABELIAN GROUPS,10.1142/9789814531726_0002,https://doi.org/10.1142/9789814531726_0002,,,2014,Harmonic and Spectral Analysis,spectral analysis multiplicative group finite field
crossref,A Set of Independent Axioms for a Field and a Condition for a Group to be the Multiplicative Group of a Field,10.1112/plms/s3-18.1.114,https://doi.org/10.1112/plms/s3-18.1.114,https://api.wiley.com/onlinelibrary/tdm/v1/articles/10.1112%2Fplms%2Fs3-18.1.114,,1968,Proceedings of the London Mathematical Society,spectral analysis multiplicative group finite field
crossref,Some multiplicative equations in finite fields,10.1016/j.ffa.2021.101883,https://doi.org/10.1016/j.ffa.2021.101883,,,2021,Finite Fields and Their Applications,spectral analysis multiplicative group finite field
arxiv,"High Accuracy and Low Complexity Frequency Offset Estimation Based on
  All-Phase FFT for M-QAM Coherent Optical Systems",,http://arxiv.org/abs/2105.10394v1,http://arxiv.org/pdf/2105.10394v1,/home/admin/dev/VRA/Novelty/papers/High_Accuracy_and_Low_Complexity_Frequency_Offset_Estimation_Based_on_All-Phase_FFT_for_M-QAM_Coherent_Optical_Systems.pdf,,,phase coherent averaging FFT detection
arxiv,"Fourier Domain Analysis performances of a RESPER probe - Amplitude and
  Phase inaccuracies due to the Round-Off noise of FFT processors",,http://arxiv.org/abs/1009.1832v2,http://arxiv.org/pdf/1009.1832v2,/home/admin/dev/VRA/Novelty/papers/Fourier_Domain_Analysis_performances_of_a_RESPER_probe_-_Amplitude_and_Phase_inaccuracies_due_to_the_Round-Off_noise_of_FFT_processors.pdf,,,phase coherent averaging FFT detection
arxiv,"Phase Noise Influence in Long-range Coherent Optical OFDM Systems with
  Delay Detection, IFFT Multiplexing and FFT Demodulation",,http://arxiv.org/abs/1607.06401v1,http://arxiv.org/pdf/1607.06401v1,/home/admin/dev/VRA/Novelty/papers/Phase_Noise_Influence_in_Long-range_Coherent_Optical_OFDM_Systems_with_Delay_Detection_IFFT_Multiplexing_and_FFT_Demodulation.pdf,,,phase coherent averaging FFT detection
arxiv,"The GMRT High Resolution Southern Sky Survey for pulsars and transients
  -- III: searching for long period pulsars",,http://arxiv.org/abs/2206.00427v2,http://arxiv.org/pdf/2206.00427v2,/home/admin/dev/VRA/Novelty/papers/The_GMRT_High_Resolution_Southern_Sky_Survey_for_pulsars_and_transients_--_III_searching_for_long_period_pulsars.pdf,,,phase coherent averaging FFT detection
arxiv,"Evidence for Energy Supply by Active Region Spicules to the Solar
  Atmosphere",,http://arxiv.org/abs/1602.03157v2,http://arxiv.org/pdf/1602.03157v2,/home/admin/dev/VRA/Novelty/papers/Evidence_for_Energy_Supply_by_Active_Region_Spicules_to_the_Solar_Atmosphere.pdf,,,phase coherent averaging FFT detection
arxiv,"Inter-Carrier Interference Mitigation for Differentially Coherent
  Detection in Underwater Acoustic OFDM Systems",,http://arxiv.org/abs/2103.04341v1,http://arxiv.org/pdf/2103.04341v1,/home/admin/dev/VRA/Novelty/papers/Inter-Carrier_Interference_Mitigation_for_Differentially_Coherent_Detection_in_Underwater_Acoustic_OFDM_Systems.pdf,,,phase coherent averaging FFT detection
arxiv,"TurboFFT: A High-Performance Fast Fourier Transform with Fault Tolerance
  on GPU",,http://arxiv.org/abs/2405.02520v1,http://arxiv.org/pdf/2405.02520v1,/home/admin/dev/VRA/Novelty/papers/TurboFFT_A_High-Performance_Fast_Fourier_Transform_with_Fault_Tolerance_on_GPU.pdf,,,phase coherent averaging FFT detection
arxiv,"Eigendecomposition-Based Partial FFT Demodulation for Differential OFDM
  in Underwater Acoustic Communications",,http://arxiv.org/abs/1711.04892v1,http://arxiv.org/pdf/1711.04892v1,/home/admin/dev/VRA/Novelty/papers/Eigendecomposition-Based_Partial_FFT_Demodulation_for_Differential_OFDM_in_Underwater_Acoustic_Communications.pdf,,,phase coherent averaging FFT detection
arxiv,GPS Multipath Detection in the Frequency Domain,,http://arxiv.org/abs/1707.09770v1,http://arxiv.org/pdf/1707.09770v1,/home/admin/dev/VRA/Novelty/papers/GPS_Multipath_Detection_in_the_Frequency_Domain.pdf,,,phase coherent averaging FFT detection
arxiv,"HiFAST: An HI Data Calibration and Imaging Pipeline for FAST III.
  Standing Wave Removal",,http://arxiv.org/abs/2411.13016v1,http://arxiv.org/pdf/2411.13016v1,/home/admin/dev/VRA/Novelty/papers/HiFAST_An_HI_Data_Calibration_and_Imaging_Pipeline_for_FAST_III._Standing_Wave_Removal.pdf,,,phase coherent averaging FFT detection
arxiv,"Mutual information--based approach to adaptive homodyne detection of
  quantum optical states",,http://arxiv.org/abs/quant-ph/0505197v1,http://arxiv.org/pdf/quant-ph/0505197v1,/home/admin/dev/VRA/Novelty/papers/Mutual_information--based_approach_to_adaptive_homodyne_detection_of_quantum_optical_states.pdf,,,phase coherent averaging FFT detection
arxiv,Optimizing the architecture for coherent beat note acquisition in LISA,,http://arxiv.org/abs/2406.19558v1,http://arxiv.org/pdf/2406.19558v1,/home/admin/dev/VRA/Novelty/papers/Optimizing_the_architecture_for_coherent_beat_note_acquisition_in_LISA.pdf,,,phase coherent averaging FFT detection
arxiv,Efficient FFT Computation in IFDMA Transceivers,,http://arxiv.org/abs/2203.09932v1,http://arxiv.org/pdf/2203.09932v1,/home/admin/dev/VRA/Novelty/papers/Efficient_FFT_Computation_in_IFDMA_Transceivers.pdf,,,phase coherent averaging FFT detection
arxiv,CHIME FRB: An application of FFT beamforming for a radio telescope,,http://arxiv.org/abs/1702.04728v1,http://arxiv.org/pdf/1702.04728v1,/home/admin/dev/VRA/Novelty/papers/CHIME_FRB_An_application_of_FFT_beamforming_for_a_radio_telescope.pdf,,,phase coherent averaging FFT detection
arxiv,"KoopAGRU: A Koopman-based Anomaly Detection in Time-Series using Gated
  Recurrent Units",,http://arxiv.org/abs/2501.17976v2,http://arxiv.org/pdf/2501.17976v2,/home/admin/dev/VRA/Novelty/papers/KoopAGRU_A_Koopman-based_Anomaly_Detection_in_Time-Series_using_Gated_Recurrent_Units.pdf,,,phase coherent averaging FFT detection
arxiv,"Advanced Distributed Submarine Cable Monitoring and Environmental
  Sensing using Constant Power Probe Signals and Coherent Detection",,http://arxiv.org/abs/2303.06528v1,http://arxiv.org/pdf/2303.06528v1,/home/admin/dev/VRA/Novelty/papers/Advanced_Distributed_Submarine_Cable_Monitoring_and_Environmental_Sensing_using_Constant_Power_Probe_Signals_and_Coherent_Detection.pdf,,,phase coherent averaging FFT detection
arxiv,"Quantum interferometry via a coherent state mixed with a photon-added
  squeezed vacuum state",,http://arxiv.org/abs/1810.00131v1,http://arxiv.org/pdf/1810.00131v1,/home/admin/dev/VRA/Novelty/papers/Quantum_interferometry_via_a_coherent_state_mixed_with_a_photon-added_squeezed_vacuum_state.pdf,,,phase coherent averaging FFT detection
arxiv,Stabilizer Quantum Error Correction with Qubus Computation,,http://arxiv.org/abs/quant-ph/0612097v1,http://arxiv.org/pdf/quant-ph/0612097v1,/home/admin/dev/VRA/Novelty/papers/Stabilizer_Quantum_Error_Correction_with_Qubus_Computation.pdf,,,phase coherent averaging FFT detection
arxiv,"Analytical Investigations on Carrier Phase Recovery in
  Dispersion-Unmanaged n-PSK Coherent Optical Communication Systems",,http://arxiv.org/abs/1608.06244v2,http://arxiv.org/pdf/1608.06244v2,/home/admin/dev/VRA/Novelty/papers/Analytical_Investigations_on_Carrier_Phase_Recovery_in_Dispersion-Unmanaged_n-PSK_Coherent_Optical_Communication_Systems.pdf,,,phase coherent averaging FFT detection
arxiv,Analogy between optimal spin estimation and interferometry,,http://arxiv.org/abs/quant-ph/9911071v1,http://arxiv.org/pdf/quant-ph/9911071v1,/home/admin/dev/VRA/Novelty/papers/Analogy_between_optimal_spin_estimation_and_interferometry.pdf,,,phase coherent averaging FFT detection
arxiv,Towards On-Chip Optical FFTs for Convolutional Neural Networks,,http://arxiv.org/abs/1708.09534v1,http://arxiv.org/pdf/1708.09534v1,/home/admin/dev/VRA/Novelty/papers/Towards_On-Chip_Optical_FFTs_for_Convolutional_Neural_Networks.pdf,,,phase coherent averaging FFT detection
arxiv,"Quantum Fourier Transform Based Denoising: Unitary Filtering for
  Enhanced Speech Clarity",,http://arxiv.org/abs/2509.04851v1,http://arxiv.org/pdf/2509.04851v1,/home/admin/dev/VRA/Novelty/papers/Quantum_Fourier_Transform_Based_Denoising_Unitary_Filtering_for_Enhanced_Speech_Clarity.pdf,,,phase coherent averaging FFT detection
arxiv,A Non-radial Oscillation Mode in an Accreting Millisecond Pulsar?,,http://arxiv.org/abs/1310.5147v2,http://arxiv.org/pdf/1310.5147v2,/home/admin/dev/VRA/Novelty/papers/A_Non-radial_Oscillation_Mode_in_an_Accreting_Millisecond_Pulsar_.pdf,,,phase coherent averaging FFT detection
arxiv,"Sample Efficient Estimation and Recovery in Sparse FFT via Isolation on
  Average",,http://arxiv.org/abs/1708.04544v2,http://arxiv.org/pdf/1708.04544v2,/home/admin/dev/VRA/Novelty/papers/Sample_Efficient_Estimation_and_Recovery_in_Sparse_FFT_via_Isolation_on_Average.pdf,,,phase coherent averaging FFT detection
arxiv,"Gaussian and Non-Gaussian operations on non-Gaussian state: engineering
  non-Gaussianity",,http://arxiv.org/abs/1311.7382v1,http://arxiv.org/pdf/1311.7382v1,/home/admin/dev/VRA/Novelty/papers/Gaussian_and_Non-Gaussian_operations_on_non-Gaussian_state_engineering_non-Gaussianity.pdf,,,phase coherent averaging FFT detection
arxiv,Measuring the Quantum State of Dark Matter,,http://arxiv.org/abs/2211.13602v1,http://arxiv.org/pdf/2211.13602v1,/home/admin/dev/VRA/Novelty/papers/Measuring_the_Quantum_State_of_Dark_Matter.pdf,,,phase coherent averaging FFT detection
arxiv,"Low-Complexity Near-Field Localization with XL-MIMO Sectored Uniform
  Circular Arrays",,http://arxiv.org/abs/2405.01000v1,http://arxiv.org/pdf/2405.01000v1,/home/admin/dev/VRA/Novelty/papers/Low-Complexity_Near-Field_Localization_with_XL-MIMO_Sectored_Uniform_Circular_Arrays.pdf,,,phase coherent averaging FFT detection
arxiv,Deterministic Selection of Phase Sequences in Low Complexity SLM Scheme,,http://arxiv.org/abs/1210.4247v1,http://arxiv.org/pdf/1210.4247v1,/home/admin/dev/VRA/Novelty/papers/Deterministic_Selection_of_Phase_Sequences_in_Low_Complexity_SLM_Scheme.pdf,,,phase coherent averaging FFT detection
arxiv,Quantum transport in ferromagnetic Permalloy nanostructures,,http://arxiv.org/abs/0809.0192v1,http://arxiv.org/pdf/0809.0192v1,/home/admin/dev/VRA/Novelty/papers/Quantum_transport_in_ferromagnetic_Permalloy_nanostructures.pdf,,,phase coherent averaging FFT detection
arxiv,"Increasing the detectability of long-period and nulling pulsars in
  next-generation pulsar surveys",,http://arxiv.org/abs/2406.03806v1,http://arxiv.org/pdf/2406.03806v1,/home/admin/dev/VRA/Novelty/papers/Increasing_the_detectability_of_long-period_and_nulling_pulsars_in_next-generation_pulsar_surveys.pdf,,,phase coherent averaging FFT detection
arxiv,"Integrated All-Optical Fast Fourier Transform: Design and Sensitivity
  Analysis",,http://arxiv.org/abs/1711.02500v1,http://arxiv.org/pdf/1711.02500v1,/home/admin/dev/VRA/Novelty/papers/Integrated_All-Optical_Fast_Fourier_Transform_Design_and_Sensitivity_Analysis.pdf,,,phase coherent averaging FFT detection
arxiv,"Breaking Down the Parallel Performance of GROMACS, a High-Performance
  Molecular Dynamics Software",,http://arxiv.org/abs/2208.13658v1,http://arxiv.org/pdf/2208.13658v1,/home/admin/dev/VRA/Novelty/papers/Breaking_Down_the_Parallel_Performance_of_GROMACS_a_High-Performance_Molecular_Dynamics_Software.pdf,,,phase coherent averaging FFT detection
arxiv,Integrated coherent matter wave circuits,,http://arxiv.org/abs/1410.8814v2,http://arxiv.org/pdf/1410.8814v2,/home/admin/dev/VRA/Novelty/papers/Integrated_coherent_matter_wave_circuits.pdf,,,phase coherent averaging FFT detection
arxiv,"Optimal Preprocessing for Joint Detection and Classification of Wireless
  Communication Signals in Congested Spectrum Using Computer Vision Methods",,http://arxiv.org/abs/2408.06545v1,http://arxiv.org/pdf/2408.06545v1,/home/admin/dev/VRA/Novelty/papers/Optimal_Preprocessing_for_Joint_Detection_and_Classification_of_Wireless_Communication_Signals_in_Congested_Spectrum_Using_Computer_Vision_Methods.pdf,,,phase coherent averaging FFT detection
arxiv,Quantum coherence and the localization transition,,http://arxiv.org/abs/1906.09242v2,http://arxiv.org/pdf/1906.09242v2,/home/admin/dev/VRA/Novelty/papers/Quantum_coherence_and_the_localization_transition.pdf,,,phase coherent averaging FFT detection
arxiv,"Averages in optical coherence: resolving the Magyar and Mandel-Wolf
  paradox",,http://arxiv.org/abs/2404.13168v1,http://arxiv.org/pdf/2404.13168v1,/home/admin/dev/VRA/Novelty/papers/Averages_in_optical_coherence_resolving_the_Magyar_and_Mandel-Wolf_paradox.pdf,,,phase coherent averaging FFT detection
arxiv,End-to-End Deep Learning in Phase Noisy Coherent Optical Link,,http://arxiv.org/abs/2502.21209v1,http://arxiv.org/pdf/2502.21209v1,/home/admin/dev/VRA/Novelty/papers/End-to-End_Deep_Learning_in_Phase_Noisy_Coherent_Optical_Link.pdf,,,phase coherent averaging FFT detection
arxiv,"Using the Magnitude-Squared Coherence for Determining Order-Chaos
  Transition in a System Governed by Logistic Equation Dynamics",,http://arxiv.org/abs/nlin/0304043v1,http://arxiv.org/pdf/nlin/0304043v1,/home/admin/dev/VRA/Novelty/papers/Using_the_Magnitude-Squared_Coherence_for_Determining_Order-Chaos_Transition_in_a_System_Governed_by_Logistic_Equation_Dynamics.pdf,,,phase coherent averaging FFT detection
arxiv,"Variability Timescale and Spectral Index of Sgr A* in the Near Infrared:
  Approximate Bayesian Computation Analysis of the Variability of the Closest
  Supermassive Black Hole",,http://arxiv.org/abs/1806.00479v2,http://arxiv.org/pdf/1806.00479v2,/home/admin/dev/VRA/Novelty/papers/Variability_Timescale_and_Spectral_Index_of_Sgr_A_in_the_Near_Infrared_Approximate_Bayesian_Computation_Analysis_of_the_Variability_of_the_Closest_Supermassive_Black_Hole.pdf,,,phase coherent averaging FFT detection
arxiv,"A new foreperiod effect on single-trial phase coherence. Part I:
  existence and relevance",,http://arxiv.org/abs/1611.00313v1,http://arxiv.org/pdf/1611.00313v1,/home/admin/dev/VRA/Novelty/papers/A_new_foreperiod_effect_on_single-trial_phase_coherence._Part_I_existence_and_relevance.pdf,,,phase coherent averaging FFT detection
arxiv,"Coherent control in quantum transport: amplification, filtering and
  switching at finite bias",,http://arxiv.org/abs/1703.03672v2,http://arxiv.org/pdf/1703.03672v2,/home/admin/dev/VRA/Novelty/papers/Coherent_control_in_quantum_transport_amplification_filtering_and_switching_at_finite_bias.pdf,,,phase coherent averaging FFT detection
arxiv,"Computational aberration correction in spatiotemporal optical coherence
  (STOC) imaging",,http://arxiv.org/abs/1912.04575v1,http://arxiv.org/pdf/1912.04575v1,/home/admin/dev/VRA/Novelty/papers/Computational_aberration_correction_in_spatiotemporal_optical_coherence_STOC_imaging.pdf,,,phase coherent averaging FFT detection
arxiv,"Beamforming Design for Intelligent Reflecting Surface-Enhanced Symbiotic
  Radio Systems",,http://arxiv.org/abs/2110.10316v1,http://arxiv.org/pdf/2110.10316v1,/home/admin/dev/VRA/Novelty/papers/Beamforming_Design_for_Intelligent_Reflecting_Surface-Enhanced_Symbiotic_Radio_Systems.pdf,,,phase coherent averaging FFT detection
arxiv,"Phase-coherent detection of an optical dipole force by Doppler
  velocimetry",,http://arxiv.org/abs/1103.3334v2,http://arxiv.org/pdf/1103.3334v2,/home/admin/dev/VRA/Novelty/papers/Phase-coherent_detection_of_an_optical_dipole_force_by_Doppler_velocimetry.pdf,,,phase coherent averaging FFT detection
arxiv,Phasor-Driven Acceleration for FFT-based CNNs,,http://arxiv.org/abs/2406.00290v1,http://arxiv.org/pdf/2406.00290v1,/home/admin/dev/VRA/Novelty/papers/Phasor-Driven_Acceleration_for_FFT-based_CNNs.pdf,,,phase coherent averaging FFT detection
arxiv,Digital Filters for Instantaneous Frequency Estimation,,http://arxiv.org/abs/2307.00452v2,http://arxiv.org/pdf/2307.00452v2,/home/admin/dev/VRA/Novelty/papers/Digital_Filters_for_Instantaneous_Frequency_Estimation.pdf,,,phase coherent averaging FFT detection
arxiv,"Demonstration of optimal non-projective measurement of binary coherent
  states with photon counting",,http://arxiv.org/abs/2207.12234v1,http://arxiv.org/pdf/2207.12234v1,/home/admin/dev/VRA/Novelty/papers/Demonstration_of_optimal_non-projective_measurement_of_binary_coherent_states_with_photon_counting.pdf,,,phase coherent averaging FFT detection
arxiv,"Phase Noise Influence in Coherent Optical OFDM Systems with RF Pilot
  Tone: Digital IFFT Multiplexing and FFT Demodulation",,http://arxiv.org/abs/1607.04899v2,http://arxiv.org/pdf/1607.04899v2,/home/admin/dev/VRA/Novelty/papers/Phase_Noise_Influence_in_Coherent_Optical_OFDM_Systems_with_RF_Pilot_Tone_Digital_IFFT_Multiplexing_and_FFT_Demodulation.pdf,,,phase coherent averaging FFT detection
arxiv,"Fast Fourier Transform periodic interpolation method for superposition
  sums in a periodic unit cell",,http://arxiv.org/abs/2312.02376v2,http://arxiv.org/pdf/2312.02376v2,/home/admin/dev/VRA/Novelty/papers/Fast_Fourier_Transform_periodic_interpolation_method_for_superposition_sums_in_a_periodic_unit_cell.pdf,,,phase coherent averaging FFT detection
arxiv,"Non-Local Order Parameters as a Probe for Phase Transitions in the
  Extended Fermi-Hubbard Model",,http://arxiv.org/abs/1612.02299v1,http://arxiv.org/pdf/1612.02299v1,/home/admin/dev/VRA/Novelty/papers/Non-Local_Order_Parameters_as_a_Probe_for_Phase_Transitions_in_the_Extended_Fermi-Hubbard_Model.pdf,,,phase coherent averaging FFT detection
crossref,FFT filter-bank-based wideband detection: Coherent vs. non-coherent integration,10.1109/imtc.2009.5168661,https://doi.org/10.1109/imtc.2009.5168661,,,2009,2009 IEEE Intrumentation and Measurement Technology Conference,phase coherent averaging FFT detection
crossref,"Phase Noise Influence in Long-range Coherent Optical OFDM Systems with Delay Detection, IFFT Multiplexing and FFT Demodulation",10.1515/joc-2012-0047,https://doi.org/10.1515/joc-2012-0047,,,2012,J. Opt. Commun.,phase coherent averaging FFT detection
crossref,Partial FFT demodulation for coherent detection of OFDM signals over underwater acoustic channels,10.1109/oceans-bergen.2013.6608138,https://doi.org/10.1109/oceans-bergen.2013.6608138,,,2013,2013 MTS/IEEE OCEANS - Bergen,phase coherent averaging FFT detection
crossref,Mobile Acoustic Communications: Real Data Analysis of Partial FFT Demodulation with Coherent Detection,10.1109/oceans.2018.8604685,https://doi.org/10.1109/oceans.2018.8604685,,,2018,OCEANS 2018 MTS/IEEE Charleston,phase coherent averaging FFT detection
crossref,,10.1117/12.2557767.6147455304001,https://doi.org/10.1117/12.2557767.6147455304001,,,,,phase coherent averaging FFT detection
crossref,,10.1117/12.2557767.6145803622001,https://doi.org/10.1117/12.2557767.6145803622001,,,,,phase coherent averaging FFT detection
crossref,Detection of Narrow-Band Signals Through the FFT and Polyphase FFT Filter Banks: Noncoherent Versus Coherent Integration,10.1109/tim.2009.2038294,https://doi.org/10.1109/tim.2009.2038294,,,2010,IEEE Transactions on Instrumentation and Measurement,phase coherent averaging FFT detection
crossref,Detection of ionospheric anomalies based on FFT Averaging Ratio (FAR) algorithm,10.1109/iciiecs.2015.7192923,https://doi.org/10.1109/iciiecs.2015.7192923,,,2015,"2015 International Conference on Innovations in Information, Embedded and Communication Systems (ICIIECS)",phase coherent averaging FFT detection
crossref,Phase detection algorithm and precision analysis based on all phase FFT,10.1049/cp.2012.1281,https://doi.org/10.1049/cp.2012.1281,,,2012,International Conference on Automatic Control and Artificial Intelligence (ACAI 2012),phase coherent averaging FFT detection
crossref,Correlative Conjugated Detection Scheme for Laser-Phase-Noise-Tolerant Coherent Detection,10.1364/cleo_si.2023.sm2i.7,https://doi.org/10.1364/cleo_si.2023.sm2i.7,,,2023,CLEO 2023,phase coherent averaging FFT detection
crossref,Fractional FFT demodulation for differentially coherent detection of acoustic OFDM signals,10.1109/acssc.2012.6489283,https://doi.org/10.1109/acssc.2012.6489283,,,2012,"2012 Conference Record of the Forty Sixth Asilomar Conference on Signals, Systems and Computers (ASILOMAR)",phase coherent averaging FFT detection
crossref,"High precision detection of the frequency, amplitude and phase of the continuous signal with FFT",10.1016/0041-624x(87)90207-1,https://doi.org/10.1016/0041-624x(87)90207-1,,,1987,Ultrasonics,phase coherent averaging FFT detection
crossref,Decision-aided carrier phase estimation with selective averaging for low-cost optical coherent communication,10.1109/icics.2013.6782823,https://doi.org/10.1109/icics.2013.6782823,,,2013,"2013 9th International Conference on Information, Communications &amp; Signal Processing",phase coherent averaging FFT detection
crossref,Coherent self-averaging for the pre-processing of surface electromyography signals in the detection of nociceptive withdrawal reflexes,10.1109/pahce.2015.7173324,https://doi.org/10.1109/pahce.2015.7173324,,,2015,2015 Pan American Health Care Exchanges (PAHCE),phase coherent averaging FFT detection
crossref,Phase averaging method,10.5194/wes-2018-46-ac4,https://doi.org/10.5194/wes-2018-46-ac4,,,2018,,phase coherent averaging FFT detection
crossref,Coherent averaging of range profiles,10.1109/radar.1995.522591,https://doi.org/10.1109/radar.1995.522591,,,,Proceedings International Radar Conference,phase coherent averaging FFT detection
crossref,Spatial averaging-effects on turbulence measured by a continuous-wave coherent lidar,10.1127/0941-2948/2009/0379,https://doi.org/10.1127/0941-2948/2009/0379,,,2009,Meteorologische Zeitschrift,phase coherent averaging FFT detection
crossref,"HIGH PRECISION DETECTION OF THE FREQUENCY, AMPLITUDE AND PHASE OF THE CONTINUOUS SIGNAL WITH FFT",10.1016/b978-0-408-02348-1.50123-2,https://doi.org/10.1016/b978-0-408-02348-1.50123-2,,,1987,Ultrasonics International 87,phase coherent averaging FFT detection
crossref,Data averaging and FFT devices,10.1121/1.2021049,https://doi.org/10.1121/1.2021049,https://pubs.aip.org/asa/jasa/article-pdf/74/S1/S5/10768941/s5_1_online.pdf,,1983,The Journal of the Acoustical Society of America,phase coherent averaging FFT detection
crossref,Detection Performance of Or-ing Device with Pre- and Post-Averaging: Part II- Phase-Incoherent Signal,10.21236/ada370787,https://doi.org/10.21236/ada370787,,,1999,,phase coherent averaging FFT detection
crossref,Chord Recognition using FFT Based Segment Averaging and Subsampling Feature Extraction,10.1109/icoict49345.2020.9166355,https://doi.org/10.1109/icoict49345.2020.9166355,,,2020,2020 8th International Conference on Information and Communication Technology (ICoICT),phase coherent averaging FFT detection
crossref,Phase averaging,10.5194/wes-2018-46-ac6,https://doi.org/10.5194/wes-2018-46-ac6,,,2018,,phase coherent averaging FFT detection
crossref,Phase Noise Influence in Coherent Optical OFDM Systems with RF Pilot Tone: Digital IFFT Multiplexing and FFT Demodulation,10.1515/joc-2012-0038,https://doi.org/10.1515/joc-2012-0038,,,2012,J. Opt. Commun.,phase coherent averaging FFT detection
crossref,Improvement of radar signal phase extraction using All Phase FFT spectrum analysis,10.1109/dat.2017.7889152,https://doi.org/10.1109/dat.2017.7889152,,,2017,2017 Seminar on Detection Systems Architectures and Technologies (DAT),phase coherent averaging FFT detection
crossref,Theory of coherent two-photon NMR: Standard-basis operators and coherent averaging,10.1016/0378-4363(80)90011-x,https://doi.org/10.1016/0378-4363(80)90011-x,,,1980,Physica B+C,phase coherent averaging FFT detection
crossref,On optimal detection of non-coherent trellis coded continuous phase modulation signals: discriminator detection,10.1109/vetec.1989.40053,https://doi.org/10.1109/vetec.1989.40053,,,,IEEE 39th Vehicular Technology Conference,phase coherent averaging FFT detection
crossref,Direct-detection synthetic-aperture coherent imaging by phase retrieval,10.1117/1.oe.56.11.113111,https://doi.org/10.1117/1.oe.56.11.113111,,,2017,Optical Engineering,phase coherent averaging FFT detection
crossref,,10.1117/12.2621484.6305674297112,https://doi.org/10.1117/12.2621484.6305674297112,,,,,phase coherent averaging FFT detection
crossref,A Comparison of Differentially Coherent and Coherent Multiuser Detection with Imperfect Phase Estimates in a Rayleigh Fading Channel,10.1109/isit.1993.748363,https://doi.org/10.1109/isit.1993.748363,,,,Proceedings. IEEE International Symposium on Information Theory,phase coherent averaging FFT detection
crossref,Integrated Carrier Phase and Frequency Estimation for Coherent Detection based on Multi-Symbol Differential Detection (MSDD),10.1364/sppcom.2011.sptuc1,https://doi.org/10.1364/sppcom.2011.sptuc1,,,2011,Advanced Photonics,phase coherent averaging FFT detection
crossref,Coherent Averaging and Double Resonance in Solids,10.1007/978-3-642-66395-6_3,https://doi.org/10.1007/978-3-642-66395-6_3,,,1976,Introductory Essays,phase coherent averaging FFT detection
crossref,Effect of aerosol speckle phase decorrelation on the allowable signal averaging time for coherent optical receivers,10.1117/12.254165,https://doi.org/10.1117/12.254165,,,1996,SPIE Proceedings Image Propagation through the Atmosphere,phase coherent averaging FFT detection
crossref,GENERALIZED PHASE AVERAGING OF EXPERIMENTAL SURFACE-MOUNTED BODY WAKE MEASUREMENTS: 3D COHERENT STRUCTURES &amp; DYNAMICAL MODELS,10.1615/tsfp8.270,https://doi.org/10.1615/tsfp8.270,,,2013,Proceeding of Eighth International Symposium on Turbulence and Shear Flow Phenomena,phase coherent averaging FFT detection
crossref,Digital Phase Estimation Method based on Karhunen-Loève series expansion for Coherent Phase Diversity Detection,10.1364/nfoec.2010.jtha3,https://doi.org/10.1364/nfoec.2010.jtha3,,,2010,National Fiber Optic Engineers Conference,phase coherent averaging FFT detection
crossref,"Review for ""An approach for coherent periodogram averaging of tilt‐series data for improved contrast transfer function estimation""",10.1002/2211-5463.70050/v2/review1,https://doi.org/10.1002/2211-5463.70050/v2/review1,,,2025,,phase coherent averaging FFT detection
crossref,"Review for ""An approach for coherent periodogram averaging of tilt‐series data for improved contrast transfer function estimation""",10.1002/2211-5463.70050/v1/review1,https://doi.org/10.1002/2211-5463.70050/v1/review1,,,2024,,phase coherent averaging FFT detection
crossref,Scintillation of aperture received partially coherent beams with time-averaging detection in turbulent atmosphere,10.1016/j.optcom.2013.02.023,https://doi.org/10.1016/j.optcom.2013.02.023,,,2013,Optics Communications,phase coherent averaging FFT detection
crossref,Stator Winding Temperature Detection Method of High Voltage Motor Based on All-phase FFT,10.1109/ispds62779.2024.10667557,https://doi.org/10.1109/ispds62779.2024.10667557,,,2024,"2024 5th International Conference on Information Science, Parallel and Distributed Systems (ISPDS)",phase coherent averaging FFT detection
crossref,Differential phase-shift keying heterodyne coherent detection with local oscillation enhancement,10.1117/1.oe.57.8.086105,https://doi.org/10.1117/1.oe.57.8.086105,,,2018,Optical Engineering,phase coherent averaging FFT detection
crossref,,10.1117/12.2575934.6212401814001,https://doi.org/10.1117/12.2575934.6212401814001,,,,,phase coherent averaging FFT detection
crossref,Coherent Phase Modulation Detection for Self-Heterodyne Phase Noise Measurement,10.1364/acp.2011.830920,https://doi.org/10.1364/acp.2011.830920,,,2011,"Optical Transmission Systems, Subsystems, and Technologies",phase coherent averaging FFT detection
crossref,Coherent Averaging of Interferograms,10.1364/ao.7.000380,https://doi.org/10.1364/ao.7.000380,,,1968,Applied Optics,phase coherent averaging FFT detection
crossref,Feature Extraction of Musical Instrument Tones using FFT and Segment Averaging,10.12928/telkomnika.v15i3.3381,https://doi.org/10.12928/telkomnika.v15i3.3381,,,2017,TELKOMNIKA (Telecommunication Computing Electronics and Control),phase coherent averaging FFT detection
crossref,,10.1117/12.2632776.6312680298112,https://doi.org/10.1117/12.2632776.6312680298112,,,,,phase coherent averaging FFT detection
crossref,,10.1117/12.2594787.6263271937001,https://doi.org/10.1117/12.2594787.6263271937001,,,,,phase coherent averaging FFT detection
crossref,NCAFI: Nuttall convolution window all-phase FFT interpolation-based harmonic detection algorithm for infrared imaging detection,10.1016/j.infrared.2022.104310,https://doi.org/10.1016/j.infrared.2022.104310,,,2022,Infrared Physics &amp; Technology,phase coherent averaging FFT detection
crossref,Module-phase codes with non-coherent detection,10.1109/icc.1993.397430,https://doi.org/10.1109/icc.1993.397430,,,,Proceedings of ICC '93 - IEEE International Conference on Communications,phase coherent averaging FFT detection
crossref,Phase-sensitive OTDR based on coherent detection,10.1364/cleopr.2018.th2l.2,https://doi.org/10.1364/cleopr.2018.th2l.2,,,2018,CLEO Pacific Rim Conference,phase coherent averaging FFT detection
crossref,Coherent detection of phase-shift keying signals using digital carrier-phase estimation,10.1109/ofc.2006.215397,https://doi.org/10.1109/ofc.2006.215397,,,2006,2006 Optical Fiber Communication Conference and the National Fiber Optic Engineers Conference,phase coherent averaging FFT detection
crossref,Phase measurements for beam splitters with coherent detection technique,10.1117/1.3602877,https://doi.org/10.1117/1.3602877,,,2011,Optical Engineering,phase coherent averaging FFT detection
arxiv,"Modular subvarieties of arithmetic quotients of bounded symmetric
  domains",,http://arxiv.org/abs/alg-geom/9508002v1,http://arxiv.org/pdf/alg-geom/9508002v1,/home/admin/dev/VRA/Novelty/papers/Modular_subvarieties_of_arithmetic_quotients_of_bounded_symmetric_domains.pdf,,,modular arithmetic frequency domain analysis
arxiv,"Arithmetic partial differential equations, II: modular curves",,http://arxiv.org/abs/0804.4856v1,http://arxiv.org/pdf/0804.4856v1,/home/admin/dev/VRA/Novelty/papers/Arithmetic_partial_differential_equations_II_modular_curves.pdf,,,modular arithmetic frequency domain analysis
arxiv,"Pre-trained Large Language Models Use Fourier Features to Compute
  Addition",,http://arxiv.org/abs/2406.03445v1,http://arxiv.org/pdf/2406.03445v1,/home/admin/dev/VRA/Novelty/papers/Pre-trained_Large_Language_Models_Use_Fourier_Features_to_Compute_Addition.pdf,,,modular arithmetic frequency domain analysis
arxiv,"Towards Empirical Interpretation of Internal Circuits and Properties in
  Grokked Transformers on Modular Polynomials",,http://arxiv.org/abs/2402.16726v4,http://arxiv.org/pdf/2402.16726v4,/home/admin/dev/VRA/Novelty/papers/Towards_Empirical_Interpretation_of_Internal_Circuits_and_Properties_in_Grokked_Transformers_on_Modular_Polynomials.pdf,,,modular arithmetic frequency domain analysis
arxiv,Modular SIMD arithmetic in Mathemagix,,http://arxiv.org/abs/1407.3383v1,http://arxiv.org/pdf/1407.3383v1,/home/admin/dev/VRA/Novelty/papers/Modular_SIMD_arithmetic_in_Mathemagix.pdf,,,modular arithmetic frequency domain analysis
arxiv,A Modular and High-Resolution Time-Frequency Post-Processing Technique,,http://arxiv.org/abs/2305.10009v1,http://arxiv.org/pdf/2305.10009v1,/home/admin/dev/VRA/Novelty/papers/A_Modular_and_High-Resolution_Time-Frequency_Post-Processing_Technique.pdf,,,modular arithmetic frequency domain analysis
arxiv,"Using Modular Arithmetic Optimized Neural Networks To Crack Affine
  Cryptographic Schemes Efficiently",,http://arxiv.org/abs/2507.14229v1,http://arxiv.org/pdf/2507.14229v1,/home/admin/dev/VRA/Novelty/papers/Using_Modular_Arithmetic_Optimized_Neural_Networks_To_Crack_Affine_Cryptographic_Schemes_Efficiently.pdf,,,modular arithmetic frequency domain analysis
arxiv,"How performing a mental arithmetic task modify the regulation of centre
  of foot pressure displacements during bipedal quiet standing",,http://arxiv.org/abs/0802.1903v1,http://arxiv.org/pdf/0802.1903v1,/home/admin/dev/VRA/Novelty/papers/How_performing_a_mental_arithmetic_task_modify_the_regulation_of_centre_of_foot_pressure_displacements_during_bipedal_quiet_standing.pdf,,,modular arithmetic frequency domain analysis
arxiv,"Modular structures and extended-modular-group-structures after Hecke
  pairs",,http://arxiv.org/abs/1810.00775v1,http://arxiv.org/pdf/1810.00775v1,/home/admin/dev/VRA/Novelty/papers/Modular_structures_and_extended-modular-group-structures_after_Hecke_pairs.pdf,,,modular arithmetic frequency domain analysis
arxiv,"Gradient Descent Fails to Learn High-frequency Functions and Modular
  Arithmetic",,http://arxiv.org/abs/2310.12660v2,http://arxiv.org/pdf/2310.12660v2,/home/admin/dev/VRA/Novelty/papers/Gradient_Descent_Fails_to_Learn_High-frequency_Functions_and_Modular_Arithmetic.pdf,,,modular arithmetic frequency domain analysis
arxiv,Modular forms on $G_2$ and their standard $L$-function,,http://arxiv.org/abs/1807.03884v1,http://arxiv.org/pdf/1807.03884v1,/home/admin/dev/VRA/Novelty/papers/Modular_forms_on_G_2_and_their_standard_L_-function.pdf,,,modular arithmetic frequency domain analysis
arxiv,"Modular functions and Ramanujan sums for the analysis of 1/f noise in
  electronic circuits",,http://arxiv.org/abs/hep-th/0209243v2,http://arxiv.org/pdf/hep-th/0209243v2,/home/admin/dev/VRA/Novelty/papers/Modular_functions_and_Ramanujan_sums_for_the_analysis_of_1_f_noise_in_electronic_circuits.pdf,,,modular arithmetic frequency domain analysis
arxiv,"Numerical Evaluation of Elliptic Functions, Elliptic Integrals and
  Modular Forms",,http://arxiv.org/abs/1806.06725v1,http://arxiv.org/pdf/1806.06725v1,/home/admin/dev/VRA/Novelty/papers/Numerical_Evaluation_of_Elliptic_Functions_Elliptic_Integrals_and_Modular_Forms.pdf,,,modular arithmetic frequency domain analysis
arxiv,Hyperbolic Planes,,http://arxiv.org/abs/alg-geom/9504001v1,http://arxiv.org/pdf/alg-geom/9504001v1,/home/admin/dev/VRA/Novelty/papers/Hyperbolic_Planes.pdf,,,modular arithmetic frequency domain analysis
arxiv,"A Modular Small-Signal Analysis Framework for Inverter Penetrated Power
  Grids: Measurement, Assembling, Aggregation, and Stability Assessment",,http://arxiv.org/abs/2003.03860v1,http://arxiv.org/pdf/2003.03860v1,/home/admin/dev/VRA/Novelty/papers/A_Modular_Small-Signal_Analysis_Framework_for_Inverter_Penetrated_Power_Grids_Measurement_Assembling_Aggregation_and_Stability_Assessment.pdf,,,modular arithmetic frequency domain analysis
arxiv,"Hyperbolicity, automorphic forms and Siegel modular varieties",,http://arxiv.org/abs/1302.4723v2,http://arxiv.org/pdf/1302.4723v2,/home/admin/dev/VRA/Novelty/papers/Hyperbolicity_automorphic_forms_and_Siegel_modular_varieties.pdf,,,modular arithmetic frequency domain analysis
arxiv,"High-Performance Pipelined NTT Accelerators with Homogeneous
  Digit-Serial Modulo Arithmetic",,http://arxiv.org/abs/2507.12418v2,http://arxiv.org/pdf/2507.12418v2,/home/admin/dev/VRA/Novelty/papers/High-Performance_Pipelined_NTT_Accelerators_with_Homogeneous_Digit-Serial_Modulo_Arithmetic.pdf,,,modular arithmetic frequency domain analysis
arxiv,"Principled Understanding of Generalization for Generative Transformer
  Models in Arithmetic Reasoning Tasks",,http://arxiv.org/abs/2407.17963v2,http://arxiv.org/pdf/2407.17963v2,/home/admin/dev/VRA/Novelty/papers/Principled_Understanding_of_Generalization_for_Generative_Transformer_Models_in_Arithmetic_Reasoning_Tasks.pdf,,,modular arithmetic frequency domain analysis
arxiv,"The Minkowski $?(x)$ function, a class of singular measures,
  quasi-modular and mean-modular forms. I",,http://arxiv.org/abs/1209.4588v3,http://arxiv.org/pdf/1209.4588v3,/home/admin/dev/VRA/Novelty/papers/The_Minkowski_x_function_a_class_of_singular_measures_quasi-modular_and_mean-modular_forms._I.pdf,,,modular arithmetic frequency domain analysis
arxiv,"An Improved QFT-Based Quantum Comparator and Extended Modular Arithmetic
  Using One Ancilla Qubit",,http://arxiv.org/abs/2305.09106v1,http://arxiv.org/pdf/2305.09106v1,/home/admin/dev/VRA/Novelty/papers/An_Improved_QFT-Based_Quantum_Comparator_and_Extended_Modular_Arithmetic_Using_One_Ancilla_Qubit.pdf,,,modular arithmetic frequency domain analysis
arxiv,"Dirac Type Operators for Arithmetic Subgroups of Generalized Modular
  Groups",,http://arxiv.org/abs/math/0605324v2,http://arxiv.org/pdf/math/0605324v2,/home/admin/dev/VRA/Novelty/papers/Dirac_Type_Operators_for_Arithmetic_Subgroups_of_Generalized_Modular_Groups.pdf,,,modular arithmetic frequency domain analysis
arxiv,Introduction to the RSA algorithm and modular arithmetic,,http://arxiv.org/abs/cs/9903001v1,http://arxiv.org/pdf/cs/9903001v1,/home/admin/dev/VRA/Novelty/papers/Introduction_to_the_RSA_algorithm_and_modular_arithmetic.pdf,,,modular arithmetic frequency domain analysis
arxiv,Grokking modular arithmetic,,http://arxiv.org/abs/2301.02679v1,http://arxiv.org/pdf/2301.02679v1,/home/admin/dev/VRA/Novelty/papers/Grokking_modular_arithmetic.pdf,,,modular arithmetic frequency domain analysis
arxiv,Gauss-Manin connection in disguise: Genus two curves,,http://arxiv.org/abs/1910.07624v2,http://arxiv.org/pdf/1910.07624v2,/home/admin/dev/VRA/Novelty/papers/Gauss-Manin_connection_in_disguise_Genus_two_curves.pdf,,,modular arithmetic frequency domain analysis
arxiv,"Arithmetic Intersection on a Hilbert Modular Surface and the Faltings
  Height",,http://arxiv.org/abs/1008.1854v1,http://arxiv.org/pdf/1008.1854v1,/home/admin/dev/VRA/Novelty/papers/Arithmetic_Intersection_on_a_Hilbert_Modular_Surface_and_the_Faltings_Height.pdf,,,modular arithmetic frequency domain analysis
arxiv,High Performance Quantum Modular Multipliers,,http://arxiv.org/abs/1801.01081v1,http://arxiv.org/pdf/1801.01081v1,/home/admin/dev/VRA/Novelty/papers/High_Performance_Quantum_Modular_Multipliers.pdf,,,modular arithmetic frequency domain analysis
arxiv,Fundamental group of locally symmetric varieties,,http://arxiv.org/abs/alg-geom/9506013v1,http://arxiv.org/pdf/alg-geom/9506013v1,/home/admin/dev/VRA/Novelty/papers/Fundamental_group_of_locally_symmetric_varieties.pdf,,,modular arithmetic frequency domain analysis
arxiv,"An irreducibility criterion for group representations, with arithmetic
  applications",,http://arxiv.org/abs/1002.3150v1,http://arxiv.org/pdf/1002.3150v1,/home/admin/dev/VRA/Novelty/papers/An_irreducibility_criterion_for_group_representations_with_arithmetic_applications.pdf,,,modular arithmetic frequency domain analysis
arxiv,Modern Computer Arithmetic (version 0.5.1),,http://arxiv.org/abs/1004.4710v1,http://arxiv.org/pdf/1004.4710v1,/home/admin/dev/VRA/Novelty/papers/Modern_Computer_Arithmetic_version_0.5.1_.pdf,,,modular arithmetic frequency domain analysis
arxiv,Automatic Modular Abstractions for Template Numerical Constraints,,http://arxiv.org/abs/1005.4844v1,http://arxiv.org/pdf/1005.4844v1,/home/admin/dev/VRA/Novelty/papers/Automatic_Modular_Abstractions_for_Template_Numerical_Constraints.pdf,,,modular arithmetic frequency domain analysis
arxiv,Modular forms and $p$-adic numbers (in Russian),,http://arxiv.org/abs/0709.1611v1,http://arxiv.org/pdf/0709.1611v1,/home/admin/dev/VRA/Novelty/papers/Modular_forms_and_p_-adic_numbers_in_Russian_.pdf,,,modular arithmetic frequency domain analysis
arxiv,On the Weakness of Fully Homomorphic Encryption,,http://arxiv.org/abs/1511.05341v1,http://arxiv.org/pdf/1511.05341v1,/home/admin/dev/VRA/Novelty/papers/On_the_Weakness_of_Fully_Homomorphic_Encryption.pdf,,,modular arithmetic frequency domain analysis
arxiv,ERSFQ 8-bit Parallel Arithmetic Logic Unit,,http://arxiv.org/abs/1902.09500v2,http://arxiv.org/pdf/1902.09500v2,/home/admin/dev/VRA/Novelty/papers/ERSFQ_8-bit_Parallel_Arithmetic_Logic_Unit.pdf,,,modular arithmetic frequency domain analysis
arxiv,"Analyzing the capabilities of HLS and RTL tools in the design of an FPGA
  Montgomery Multiplier",,http://arxiv.org/abs/2509.08067v1,http://arxiv.org/pdf/2509.08067v1,/home/admin/dev/VRA/Novelty/papers/Analyzing_the_capabilities_of_HLS_and_RTL_tools_in_the_design_of_an_FPGA_Montgomery_Multiplier.pdf,,,modular arithmetic frequency domain analysis
arxiv,Learning Modular Exponentiation with Transformers,,http://arxiv.org/abs/2506.23679v2,http://arxiv.org/pdf/2506.23679v2,/home/admin/dev/VRA/Novelty/papers/Learning_Modular_Exponentiation_with_Transformers.pdf,,,modular arithmetic frequency domain analysis
arxiv,"Inverse period mappings of $K3$ surfaces and a construction of modular
  forms for a lattice with the Kneser conditions",,http://arxiv.org/abs/1903.01282v3,http://arxiv.org/pdf/1903.01282v3,/home/admin/dev/VRA/Novelty/papers/Inverse_period_mappings_of_K3_surfaces_and_a_construction_of_modular_forms_for_a_lattice_with_the_Kneser_conditions.pdf,,,modular arithmetic frequency domain analysis
arxiv,The analytic theory of vectorial Drinfeld modular forms,,http://arxiv.org/abs/1910.12743v2,http://arxiv.org/pdf/1910.12743v2,/home/admin/dev/VRA/Novelty/papers/The_analytic_theory_of_vectorial_Drinfeld_modular_forms.pdf,,,modular arithmetic frequency domain analysis
arxiv,Mechanistic Insights into Grokking from the Embedding Layer,,http://arxiv.org/abs/2505.15624v1,http://arxiv.org/pdf/2505.15624v1,/home/admin/dev/VRA/Novelty/papers/Mechanistic_Insights_into_Grokking_from_the_Embedding_Layer.pdf,,,modular arithmetic frequency domain analysis
arxiv,"Twisted Hilbert modular surfaces, arithmetic intersections and the
  Jacquet-Langlands correspondence",,http://arxiv.org/abs/1610.02315v1,http://arxiv.org/pdf/1610.02315v1,/home/admin/dev/VRA/Novelty/papers/Twisted_Hilbert_modular_surfaces_arithmetic_intersections_and_the_Jacquet-Langlands_correspondence.pdf,,,modular arithmetic frequency domain analysis
arxiv,"Borcherds products and arithmetic intersection theory on Hilbert modular
  surfaces",,http://arxiv.org/abs/math/0310201v3,http://arxiv.org/pdf/math/0310201v3,/home/admin/dev/VRA/Novelty/papers/Borcherds_products_and_arithmetic_intersection_theory_on_Hilbert_modular_surfaces.pdf,,,modular arithmetic frequency domain analysis
